CISP,MUNICIPIO,LOCAL DO REGISTRO,DATA DO FATO,FAIXA DE HORA DO FATO,DESCRICAO,IDADE,COR,RELACAO COM VITIMA,LOCAL DO FATO,LEI APLICADA
58 CISP,NOVA IGUACU,DEAM - NOVA IGUACU,1/01/2018,MANHA - 06H AS 11H59,FEMINICIDIO - TENTATIVA,23,PARDA,EX-COMPANHEIRO,RESIDENCIA,LEI 11.340/2006 (LEI MARIA DA PENHA)
48 CISP,SEROPEDICA,OUTRAS DELEGACIAS,6/01/2018,MANHA - 06H AS 11H59,FEMINICIDIO - TENTATIVA,36,PRETA,EX-COMPANHEIRO,OUTROS LOCAIS,LEI 11.340/2006 (LEI MARIA DA PENHA)
64 CISP,SAO JOAO DE MERITI,OUTRAS DELEGACIAS,9/01/2018,TARDE - 12H AS 17H59,FEMINICIDIO,19,PRETA,NAO INFORMADO,RESIDENCIA,SEM LEI ESPECIFICA
55 CISP,QUEIMADOS,OUTRAS DELEGACIAS,16/01/2018,TARDE - 12H AS 17H59,FEMINICIDIO,58,PRETA,PARENTE,RESIDENCIA,LEI 11.340/2006 (LEI MARIA DA PENHA)
54 CISP,BELFORD ROXO,OUTRAS DELEGACIAS,20/01/2018,MADRUGADA - 00H AS 05H59,FEMINICIDIO,28,BRANCA,COMPANHEIRO,RESIDENCIA,LEI 11.340/2006 (LEI MARIA DA PENHA)
54 CISP,BELFORD ROXO,OUTRAS DELEGACIAS,21/01/2018,MADRUGADA - 00H AS 05H59,FEMINICIDIO - TENTATIVA,33,PARDA,COMPANHEIRO,RESIDENCIA,LEI 11.340/2006 (LEI MARIA DA PENHA)
59 CISP,DUQUE DE CAXIAS,DEAM - DUQUE DE CAXIAS,25/01/2018,MANHA - 06H AS 11H59,FEMINICIDIO - TENTATIVA,27,PRETA,EX-COMPANHEIRO,VIA PUBLICA,LEI 11.340/2006 (LEI MARIA DA PENHA)
59 CISP,DUQUE DE CAXIAS,DEAM - DUQUE DE CAXIAS,25/01/2018,MANHA - 06H AS 11H59,FEMINICIDIO - TENTATIVA,27,PRETA,EX-COMPANHEIRO,VIA PUBLICA,LEI 11.340/2006 (LEI MARIA DA PENHA)
58 CISP,NOVA IGUACU,OUTRAS DELEGACIAS,28/01/2018,MADRUGADA - 00H AS 05H59,FEMINICIDIO,25,PRETA,COMPANHEIRO,VIA PUBLICA,LEI 11.340/2006 (LEI MARIA DA PENHA)
66 CISP,MAGE,OUTRAS DELEGACIAS,3/02/2018,MADRUGADA - 00H AS 05H59,FEMINICIDIO,45,PARDA,COMPANHEIRO,RESIDENCIA,LEI 11.340/2006 (LEI MARIA DA PENHA)
58 CISP,NOVA IGUACU,OUTRAS DELEGACIAS,5/02/2018,TARDE - 12H AS 17H59,FEMINICIDIO,44,PARDA,COMPANHEIRO,RESIDENCIA,LEI 11.340/2006 (LEI MARIA DA PENHA)
61 CISP,DUQUE DE CAXIAS,OUTRAS DELEGACIAS,5/02/2018,TARDE - 12H AS 17H59,FEMINICIDIO,33,PARDA,EX-COMPANHEIRO,RESIDENCIA,LEI 11.340/2006 (LEI MARIA DA PENHA)
50 CISP,ITAGUAI,OUTRAS DELEGACIAS,19/02/2018,TARDE - 12H AS 17H59,FEMINICIDIO - TENTATIVA,45,BRANCA,NENHUMA,VIA PUBLICA,SEM LEI ESPECIFICA
50 CISP,ITAGUAI,OUTRAS DELEGACIAS,19/02/2018,TARDE - 12H AS 17H59,FEMINICIDIO - TENTATIVA,29,BRANCA,NENHUMA,VIA PUBLICA,SEM LEI ESPECIFICA
50 CISP,ITAGUAI,OUTRAS DELEGACIAS,19/02/2018,MADRUGADA - 00H AS 05H59,FEMINICIDIO,19,PARDA,NAO INFORMADO,VIA PUBLICA,SEM LEI ESPECIFICA
64 CISP,SAO JOAO DE MERITI,DEAM - SAO JOAO DE MERITI,20/02/2018,MADRUGADA - 00H AS 05H59,FEMINICIDIO - TENTATIVA,40,PRETA,COMPANHEIRO,RESIDENCIA,LEI 11.340/2006 (LEI MARIA DA PENHA)
62 CISP,DUQUE DE CAXIAS,OUTRAS DELEGACIAS,27/02/2018,TARDE - 12H AS 17H59,FEMINICIDIO,22,PRETA,NAO INFORMADO,RESIDENCIA,SEM LEI ESPECIFICA
55 CISP,QUEIMADOS,NUAM - QUEIMADOS,1/03/2018,NOITE - 18H AS 23H59,FEMINICIDIO - TENTATIVA,30,PARDA,NAO INFORMADO,RESIDENCIA,SEM LEI ESPECIFICA
60 CISP,DUQUE DE CAXIAS,OUTRAS DELEGACIAS,4/03/2018,NOITE - 18H AS 23H59,FEMINICIDIO,24,PARDA,COMPANHEIRO,VIA PUBLICA,LEI 11.340/2006 (LEI MARIA DA PENHA)
64 CISP,SAO JOAO DE MERITI,OUTRAS DELEGACIAS,10/03/2018,MADRUGADA - 00H AS 05H59,FEMINICIDIO - TENTATIVA,25,PARDA,COMPANHEIRO,RESIDENCIA,LEI 11.340/2006 (LEI MARIA DA PENHA)
54 CISP,BELFORD ROXO,OUTRAS DELEGACIAS,12/03/2018,MANHA - 06H AS 11H59,FEMINICIDIO,31,PARDA,NENHUMA,RESIDENCIA,SEM LEI ESPECIFICA
62 CISP,DUQUE DE CAXIAS,OUTRAS DELEGACIAS,18/03/2018,TARDE - 12H AS 17H59,FEMINICIDIO - TENTATIVA,32,PRETA,EX-COMPANHEIRO,RESIDENCIA,LEI 11.340/2006 (LEI MARIA DA PENHA)
54 CISP,BELFORD ROXO,OUTRAS DELEGACIAS,18/03/2018,NOITE - 18H AS 23H59,FEMINICIDIO,42,PARDA,COMPANHEIRO,RESIDENCIA,LEI 11.340/2006 (LEI MARIA DA PENHA)
59 CISP,DUQUE DE CAXIAS,DEAM - DUQUE DE CAXIAS,5/04/2018,MANHA - 06H AS 11H59,FEMINICIDIO - TENTATIVA,36,BRANCA,COMPANHEIRO,RESIDENCIA,LEI 11.340/2006 (LEI MARIA DA PENHA)
52 CISP,NOVA IGUACU,OUTRAS DELEGACIAS,9/04/2018,NOITE - 18H AS 23H59,FEMINICIDIO,22,BRANCA,COMPANHEIRO,VIA PUBLICA,LEI 11.340/2006 (LEI MARIA DA PENHA)
57 CISP,NOLOPOLIS,NUAM - NOLOPOLIS,11/04/2018,NOITE - 18H AS 23H59,FEMINICIDIO - TENTATIVA,22,PARDA,EX-COMPANHEIRO,RESIDENCIA,LEI 11.340/2006 (LEI MARIA DA PENHA)
57 CISP,NOLOPOLIS,NUAM - NOLOPOLIS,11/04/2018,NOITE - 18H AS 23H59,FEMINICIDIO - TENTATIVA,4,PARDA,EX-COMPANHEIRO,RESIDENCIA,LEI 11.340/2006 (LEI MARIA DA PENHA)
57 CISP,NOLOPOLIS,NUAM - NOLOPOLIS,11/04/2018,NOITE - 18H AS 23H59,FEMINICIDIO - TENTATIVA,1,PARDA,EX-COMPANHEIRO,RESIDENCIA,LEI 11.340/2006 (LEI MARIA DA PENHA)
57 CISP,NOLOPOLIS,NUAM - NOLOPOLIS,11/04/2018,NOITE - 18H AS 23H59,FEMINICIDIO - TENTATIVA,13,PARDA,EX-COMPANHEIRO,RESIDENCIA,LEI 11.340/2006 (LEI MARIA DA PENHA)
57 CISP,NOLOPOLIS,NUAM - NOLOPOLIS,11/04/2018,NOITE - 18H AS 23H59,FEMINICIDIO - TENTATIVA,NAO INFORMADO,PARDA,EX-COMPANHEIRO,RESIDENCIA,LEI 11.340/2006 (LEI MARIA DA PENHA)
55 CISP,QUEIMADOS,NUAM - QUEIMADOS,5/05/2018,MADRUGADA - 00H AS 05H59,FEMINICIDIO - TENTATIVA,34,PRETA,EX-COMPANHEIRO,RESIDENCIA,LEI 11.340/2006 (LEI MARIA DA PENHA)
58 CISP,NOVA IGUACU,DEAM - NOVA IGUACU,5/05/2018,NOITE - 18H AS 23H59,FEMINICIDIO - TENTATIVA,40,PARDA,COMPANHEIRO,RESIDENCIA,LEI 11.340/2006 (LEI MARIA DA PENHA)
53 CISP,MESQUITA,NUAM - MESQUITA,6/05/2018,NOITE - 18H AS 23H59,FEMINICIDIO - TENTATIVA,45,PRETA,NENHUMA,OUTROS LOCAIS,SEM LEI ESPECIFICA
53 CISP,MESQUITA,NUAM - MESQUITA,6/05/2018,NOITE - 18H AS 23H59,FEMINICIDIO - TENTATIVA,45,PRETA,NENHUMA,OUTROS LOCAIS,SEM LEI ESPECIFICA
53 CISP,MESQUITA,NUAM - MESQUITA,7/05/2018,NOITE - 18H AS 23H59,FEMINICIDIO - TENTATIVA,45,PARDA,NENHUMA,VIA PUBLICA,SEM LEI ESPECIFICA
53 CISP,MESQUITA,NUAM - MESQUITA,7/05/2018,NOITE - 18H AS 23H59,FEMINICIDIO - TENTATIVA,NAO INFORMADO,BRANCA,NENHUMA,VIA PUBLICA,SEM LEI ESPECIFICA
59 CISP,DUQUE DE CAXIAS,DEAM - CENTRO,5/05/2018,MADRUGADA - 00H AS 05H59,FEMINICIDIO - TENTATIVA,31,PRETA,COMPANHEIRO,RESIDENCIA,LEI 11.340/2006 (LEI MARIA DA PENHA)
58 CISP,NOVA IGUACU,DEAM - NOVA IGUACU,6/05/2018,TARDE - 12H AS 17H59,FEMINICIDIO - TENTATIVA,40,PARDA,COMPANHEIRO,VIA PUBLICA,LEI 11.340/2006 (LEI MARIA DA PENHA)
54 CISP,BELFORD ROXO,DEAM - BELFORD ROXO,14/05/2018,MANHA - 06H AS 11H59,FEMINICIDIO - TENTATIVA,34,PRETA,EX-COMPANHEIRO,RESIDENCIA,LEI 11.340/2006 (LEI MARIA DA PENHA)
60 CISP,DUQUE DE CAXIAS,DEAM - DUQUE DE CAXIAS,15/05/2018,MANHA - 06H AS 11H59,FEMINICIDIO - TENTATIVA,36,PRETA,COMPANHEIRO,RESIDENCIA,LEI 11.340/2006 (LEI MARIA DA PENHA)
54 CISP,BELFORD ROXO,DEAM - BELFORD ROXO,15/05/2018,MANHA - 06H AS 11H59,FEMINICIDIO,39,PRETA,COMPANHEIRO,RESIDENCIA,LEI 11.340/2006 (LEI MARIA DA PENHA)
64 CISP,SAO JOAO DE MERITI,DEAM - SAO JOAO DE MERITI,20/05/2018,TARDE - 12H AS 17H59,FEMINICIDIO - TENTATIVA,40,PRETA,COMPANHEIRO,RESIDENCIA,LEI 11.340/2006 (LEI MARIA DA PENHA)
50 CISP,ITAGUAI,OUTRAS DELEGACIAS,24/05/2018,MADRUGADA - 00H AS 05H59,FEMINICIDIO,28,BRANCA,EX-COMPANHEIRO,RESIDENCIA,LEI 11.340/2006 (LEI MARIA DA PENHA)
54 CISP,BELFORD ROXO,OUTRAS DELEGACIAS,26/05/2018,NOITE - 18H AS 23H59,FEMINICIDIO - TENTATIVA,39,BRANCA,COMPANHEIRO,RESIDENCIA,LEI 11.340/2006 (LEI MARIA DA PENHA)
59 CISP,DUQUE DE CAXIAS,OUTRAS DELEGACIAS,3/06/2018,NOITE - 18H AS 23H59,FEMINICIDIO - TENTATIVA,20,PRETA,COMPANHEIRO,VIA PUBLICA,LEI 11.340/2006 (LEI MARIA DA PENHA)
60 CISP,DUQUE DE CAXIAS,OUTRAS DELEGACIAS,12/06/2018,MANHA - 06H AS 11H59,FEMINICIDIO - TENTATIVA,79,BRANCA,COMPANHEIRO,RESIDENCIA,LEI 11.340/2006 (LEI MARIA DA PENHA)
60 CISP,DUQUE DE CAXIAS,OUTRAS DELEGACIAS,12/06/2018,MANHA - 06H AS 11H59,FEMINICIDIO - TENTATIVA,51,BRANCA,COMPANHEIRO,RESIDENCIA,LEI 11.340/2006 (LEI MARIA DA PENHA)
60 CISP,DUQUE DE CAXIAS,OUTRAS DELEGACIAS,12/06/2018,MANHA - 06H AS 11H59,FEMINICIDIO - TENTATIVA,51,BRANCA,COMPANHEIRO,RESIDENCIA,LEI 11.340/2006 (LEI MARIA DA PENHA)
60 CISP,DUQUE DE CAXIAS,OUTRAS DELEGACIAS,13/06/2018,NOITE - 18H AS 23H59,FEMINICIDIO - TENTATIVA,NAO INFORMADO,PRETA,NAO INFORMADO,VIA PUBLICA,SEM LEI ESPECIFICA
62 CISP,DUQUE DE CAXIAS,OUTRAS DELEGACIAS,12/06/2018,NOITE - 18H AS 23H59,FEMINICIDIO - TENTATIVA,37,BRANCA,COMPANHEIRO,RESIDENCIA,LEI 11.340/2006 (LEI MARIA DA PENHA)
62 CISP,DUQUE DE CAXIAS,OUTRAS DELEGACIAS,12/06/2018,NOITE - 18H AS 23H59,FEMINICIDIO - TENTATIVA,37,BRANCA,COMPANHEIRO,RESIDENCIA,LEI 11.340/2006 (LEI MARIA DA PENHA)
65 CISP,MAGE,OUTRAS DELEGACIAS,18/06/2018,MANHA - 06H AS 11H59,FEMINICIDIO,22,PRETA,EX-COMPANHEIRO,VIA PUBLICA,LEI 11.340/2006 (LEI MARIA DA PENHA)
59 CISP,DUQUE DE CAXIAS,DEAM - DUQUE DE CAXIAS,22/06/2018,NOITE - 18H AS 23H59,FEMINICIDIO - TENTATIVA,41,BRANCA,COMPANHEIRO,RESIDENCIA,LEI 11.340/2006 (LEI MARIA DA PENHA)
65 CISP,MAGE,OUTRAS DELEGACIAS,24/06/2018,MADRUGADA - 00H AS 05H59,FEMINICIDIO - TENTATIVA,NAO INFORMADO,PRETA,NAO INFORMADO,VIA PUBLICA,SEM LEI ESPECIFICA
48 CISP,SEROPEDICA,OUTRAS DELEGACIAS,26/06/2018,NOITE - 18H AS 23H59,FEMINICIDIO - TENTATIVA,40,PRETA,NENHUMA,VIA PUBLICA,SEM LEI ESPECIFICA
48 CISP,SEROPEDICA,OUTRAS DELEGACIAS,26/06/2018,NOITE - 18H AS 23H59,FEMINICIDIO - TENTATIVA,37,BRANCA,NENHUMA,VIA PUBLICA,SEM LEI ESPECIFICA
64 CISP,SAO JOAO DE MERITI,OUTRAS DELEGACIAS,1/07/2018,NOITE - 18H AS 23H59,FEMINICIDIO,27,BRANCA,NAO INFORMADO,RESIDENCIA,SEM LEI ESPECIFICA
59 CISP,DUQUE DE CAXIAS,DEAM - DUQUE DE CAXIAS,3/07/2018,MADRUGADA - 00H AS 05H59,FEMINICIDIO - TENTATIVA,21,BRANCA,NENHUMA,RESIDENCIA,SEM LEI ESPECIFICA
58 CISP,NOVA IGUACU,OUTRAS DELEGACIAS,3/07/2018,MANHA - 06H AS 11H59,FEMINICIDIO - TENTATIVA,23,NAO INFORMADO,COMPANHEIRO,RESIDENCIA,LEI 11.340/2006 (LEI MARIA DA PENHA)
59 CISP,DUQUE DE CAXIAS,DEAM - DUQUE DE CAXIAS,6/07/2018,MADRUGADA - 00H AS 05H59,FEMINICIDIO - TENTATIVA,34,BRANCA,EX-COMPANHEIRO,RESIDENCIA,LEI 11.340/2006 (LEI MARIA DA PENHA)
59 CISP,DUQUE DE CAXIAS,DEAM - DUQUE DE CAXIAS,8/07/2018,NOITE - 18H AS 23H59,FEMINICIDIO - TENTATIVA,22,PRETA,COMPANHEIRO,VIA PUBLICA,LEI 11.340/2006 (LEI MARIA DA PENHA)
59 CISP,DUQUE DE CAXIAS,DEAM - DUQUE DE CAXIAS,8/07/2018,NOITE - 18H AS 23H59,FEMINICIDIO - TENTATIVA,22,PRETA,COMPANHEIRO,VIA PUBLICA,LEI 11.340/2006 (LEI MARIA DA PENHA)
65 CISP,MAGE,OUTRAS DELEGACIAS,10/07/2018,NOITE - 18H AS 23H59,FEMINICIDIO - TENTATIVA,18,BRANCA,NENHUMA,VIA PUBLICA,SEM LEI ESPECIFICA
65 CISP,MAGE,OUTRAS DELEGACIAS,10/07/2018,NOITE - 18H AS 23H59,FEMINICIDIO - TENTATIVA,18,BRANCA,NENHUMA,VIA PUBLICA,SEM LEI ESPECIFICA
59 CISP,DUQUE DE CAXIAS,OUTRAS DELEGACIAS,14/07/2018,TARDE - 12H AS 17H59,FEMINICIDIO,20,BRANCA,EX-COMPANHEIRO,RESIDENCIA,LEI 11.340/2006 (LEI MARIA DA PENHA)
59 CISP,DUQUE DE CAXIAS,DEAM - DUQUE DE CAXIAS,22/07/2018,MADRUGADA - 00H AS 05H59,FEMINICIDIO - TENTATIVA,25,PRETA,COMPANHEIRO,RESIDENCIA,LEI 11.340/2006 (LEI MARIA DA PENHA)
54 CISP,BELFORD ROXO,DEAM - BELFORD ROXO,26/07/2018,MADRUGADA - 00H AS 05H59,FEMINICIDIO - TENTATIVA,54,PARDA,EX-COMPANHEIRO,RESIDENCIA,LEI 11.340/2006 (LEI MARIA DA PENHA)
54 CISP,BELFORD ROXO,DEAM - BELFORD ROXO,26/07/2018,MADRUGADA - 00H AS 05H59,FEMINICIDIO - TENTATIVA,54,PARDA,EX-COMPANHEIRO,RESIDENCIA,LEI 11.340/2006 (LEI MARIA DA PENHA)
64 CISP,SAO JOAO DE MERITI,DEAM - SAO JOAO DE MERITI,6/08/2018,NOITE - 18H AS 23H59,FEMINICIDIO - TENTATIVA,41,PRETA,EX-COMPANHEIRO,VIA PUBLICA,LEI 11.340/2006 (LEI MARIA DA PENHA)
62 CISP,DUQUE DE CAXIAS,OUTRAS DELEGACIAS,12/08/2018,NOITE - 18H AS 23H59,FEMINICIDIO,29,PARDA,NAO INFORMADO,RESIDENCIA,SEM LEI ESPECIFICA
53 CISP,MESQUITA,OUTRAS DELEGACIAS,19/08/2018,TARDE - 12H AS 17H59,FEMINICIDIO - TENTATIVA,50,PARDA,COMPANHEIRO,RESIDENCIA,LEI 11.340/2006 (LEI MARIA DA PENHA)
53 CISP,MESQUITA,NUAM - MESQUITA,26/08/2018,NOITE - 18H AS 23H59,FEMINICIDIO - TENTATIVA,NAO INFORMADO,PARDA,NENHUMA,VIA PUBLICA,SEM LEI ESPECIFICA
66 CISP,MAGE,OUTRAS DELEGACIAS,26/08/2018,MANHA - 06H AS 11H59,FEMINICIDIO - TENTATIVA,31,PARDA,COMPANHEIRO,RESIDENCIA,LEI 11.340/2006 (LEI MARIA DA PENHA)
54 CISP,BELFORD ROXO,OUTRAS DELEGACIAS,28/08/2018,NOITE - 18H AS 23H59,FEMINICIDIO - TENTATIVA,NAO INFORMADO,BRANCA,NENHUMA,VIA PUBLICA,SEM LEI ESPECIFICA
54 CISP,BELFORD ROXO,OUTRAS DELEGACIAS,28/08/2018,NOITE - 18H AS 23H59,FEMINICIDIO - TENTATIVA,35,PARDA,NENHUMA,VIA PUBLICA,SEM LEI ESPECIFICA
58 CISP,NOVA IGUACU,OUTRAS DELEGACIAS,29/08/2018,NOITE - 18H AS 23H59,FEMINICIDIO,46,PARDA,NAO INFORMADO,RESIDENCIA,SEM LEI ESPECIFICA
48 CISP,SEROPEDICA,OUTRAS DELEGACIAS,30/08/2018,MADRUGADA - 00H AS 05H59,FEMINICIDIO - TENTATIVA,22,BRANCA,EX-COMPANHEIRO,OUTROS LOCAIS,LEI 11.340/2006 (LEI MARIA DA PENHA)
54 CISP,BELFORD ROXO,DEAM - BELFORD ROXO,30/08/2018,MADRUGADA - 00H AS 05H59,FEMINICIDIO - TENTATIVA,51,BRANCA,PARENTE,RESIDENCIA,LEI 11.340/2006 (LEI MARIA DA PENHA)
58 CISP,NOVA IGUACU,DEAM - NOVA IGUACU,10/09/2018,MANHA - 06H AS 11H59,FEMINICIDIO - TENTATIVA,35,PARDA,COMPANHEIRO,RESIDENCIA,LEI 11.340/2006 (LEI MARIA DA PENHA)
58 CISP,NOVA IGUACU,OUTRAS DELEGACIAS,16/09/2018,MADRUGADA - 00H AS 05H59,FEMINICIDIO - TENTATIVA,59,BRANCA,EX-COMPANHEIRO,RESIDENCIA,LEI 11.340/2006 (LEI MARIA DA PENHA)
58 CISP,NOVA IGUACU,OUTRAS DELEGACIAS,16/09/2018,MADRUGADA - 00H AS 05H59,FEMINICIDIO - TENTATIVA,59,BRANCA,EX-COMPANHEIRO,RESIDENCIA,LEI 11.340/2006 (LEI MARIA DA PENHA)
62 CISP,DUQUE DE CAXIAS,OUTRAS DELEGACIAS,16/09/2018,TARDE - 12H AS 17H59,FEMINICIDIO - TENTATIVA,24,BRANCA,COMPANHEIRO,RESIDENCIA,LEI 11.340/2006 (LEI MARIA DA PENHA)
59 CISP,DUQUE DE CAXIAS,DEAM - DUQUE DE CAXIAS,9/09/2018,NOITE - 18H AS 23H59,FEMINICIDIO - TENTATIVA,18,BRANCA,EX-COMPANHEIRO,RESIDENCIA,LEI 11.340/2006 (LEI MARIA DA PENHA)
66 CISP,MAGE,OUTRAS DELEGACIAS,27/09/2018,MANHA - 06H AS 11H59,FEMINICIDIO - TENTATIVA,35,BRANCA,NAO INFORMADO,VIA PUBLICA,SEM LEI ESPECIFICA
67 CISP,GUAPIMIRIM,OUTRAS DELEGACIAS,30/09/2018,NOITE - 18H AS 23H59,FEMINICIDIO - TENTATIVA,25,PRETA,EX-COMPANHEIRO,RESIDENCIA,LEI 11.340/2006 (LEI MARIA DA PENHA)
59 CISP,DUQUE DE CAXIAS,OUTRAS DELEGACIAS,1/10/2018,MADRUGADA - 00H AS 05H59,FEMINICIDIO - TENTATIVA,23,PARDA,EX-COMPANHEIRO,RESIDENCIA,LEI 11.340/2006 (LEI MARIA DA PENHA)
59 CISP,DUQUE DE CAXIAS,OUTRAS DELEGACIAS,1/10/2018,MADRUGADA - 00H AS 05H59,FEMINICIDIO - TENTATIVA,25,BRANCA,EX-COMPANHEIRO,RESIDENCIA,LEI 11.340/2006 (LEI MARIA DA PENHA)
63 CISP,JAPERI,OUTRAS DELEGACIAS,3/10/2018,NOITE - 18H AS 23H59,FEMINICIDIO - TENTATIVA,49,PRETA,EX-COMPANHEIRO,RESIDENCIA,LEI 11.340/2006 (LEI MARIA DA PENHA)
52 CISP,NOVA IGUACU,DEAM - NOVA IGUACU,3/10/2018,MANHA - 06H AS 11H59,FEMINICIDIO - TENTATIVA,48,BRANCA,COMPANHEIRO,RESIDENCIA,LEI 11.340/2006 (LEI MARIA DA PENHA)
54 CISP,BELFORD ROXO,DEAM - BELFORD ROXO,3/10/2018,NOITE - 18H AS 23H59,FEMINICIDIO - TENTATIVA,18,BRANCA,EX-COMPANHEIRO,VIA PUBLICA,LEI 11.340/2006 (LEI MARIA DA PENHA)
66 CISP,MAGE,OUTRAS DELEGACIAS,8/10/2018,MADRUGADA - 00H AS 05H59,FEMINICIDIO,22,PRETA,PARENTE,RESIDENCIA,LEI 11.340/2006 (LEI MARIA DA PENHA)
66 CISP,MAGE,OUTRAS DELEGACIAS,7/10/2018,NOITE - 18H AS 23H59,FEMINICIDIO - TENTATIVA,20,PARDA,COMPANHEIRO,RESIDENCIA,LEI 11.340/2006 (LEI MARIA DA PENHA)
55 CISP,QUEIMADOS,NUAM - QUEIMADOS,22/10/2018,MANHA - 06H AS 11H59,FEMINICIDIO - TENTATIVA,23,PARDA,EX-COMPANHEIRO,RESIDENCIA,LEI 11.340/2006 (LEI MARIA DA PENHA)
65 CISP,MAGE,OUTRAS DELEGACIAS,1/11/2018,NOITE - 18H AS 23H59,FEMINICIDIO - TENTATIVA,23,PARDA,COMPANHEIRO,RESIDENCIA,LEI 11.340/2006 (LEI MARIA DA PENHA)
58 CISP,NOVA IGUACU,OUTRAS DELEGACIAS,8/10/2018,MANHA - 06H AS 11H59,FEMINICIDIO - TENTATIVA,29,BRANCA,EX-COMPANHEIRO,VIA PUBLICA,LEI 11.340/2006 (LEI MARIA DA PENHA)
66 CISP,MAGE,OUTRAS DELEGACIAS,14/11/2018,NOITE - 18H AS 23H59,FEMINICIDIO,30,PARDA,NENHUMA,RESIDENCIA,SEM LEI ESPECIFICA
59 CISP,DUQUE DE CAXIAS,DEAM - DUQUE DE CAXIAS,24/11/2018,NOITE - 18H AS 23H59,FEMINICIDIO - TENTATIVA,45,PARDA,EX-COMPANHEIRO,RESIDENCIA,LEI 11.340/2006 (LEI MARIA DA PENHA)
64 CISP,SAO JOAO DE MERITI,DEAM - SAO JOAO DE MERITI,13/12/2018,TARDE - 12H AS 17H59,FEMINICIDIO,23,NAO INFORMADO,COMPANHEIRO,RESIDENCIA,LEI 11.340/2006 (LEI MARIA DA PENHA)
58 CISP,NOVA IGUACU,OUTRAS DELEGACIAS,20/12/2018,MADRUGADA - 00H AS 05H59,FEMINICIDIO - TENTATIVA,24,PARDA,EX-COMPANHEIRO,RESIDENCIA,LEI 11.340/2006 (LEI MARIA DA PENHA)
59 CISP,DUQUE DE CAXIAS,OUTRAS DELEGACIAS,21/12/2018,MANHA - 06H AS 11H59,FEMINICIDIO - TENTATIVA,24,PRETA,EX-COMPANHEIRO,VIA PUBLICA,LEI 11.340/2006 (LEI MARIA DA PENHA)
56 CISP,NOVA IGUACU,OUTRAS DELEGACIAS,21/12/2018,NOITE - 18H AS 23H59,FEMINICIDIO - TENTATIVA,25,BRANCA,NENHUMA,OUTROS LOCAIS,SEM LEI ESPECIFICA
10 CISP,RIO DE JANEIRO,OUTRAS DELEGACIAS,4/01/2018,TARDE - 12H AS 17H59,FEMINICIDIO - TENTATIVA,NAO INFORMADO,BRANCA,NENHUMA,VIA PUBLICA,SEM LEI ESPECIFICA
10 CISP,RIO DE JANEIRO,OUTRAS DELEGACIAS,4/01/2018,TARDE - 12H AS 17H59,FEMINICIDIO - TENTATIVA,NAO INFORMADO,PRETA,NENHUMA,VIA PUBLICA,SEM LEI ESPECIFICA
10 CISP,RIO DE JANEIRO,OUTRAS DELEGACIAS,4/01/2018,TARDE - 12H AS 17H59,FEMINICIDIO - TENTATIVA,35,PARDA,NENHUMA,VIA PUBLICA,SEM LEI ESPECIFICA
37 CISP,RIO DE JANEIRO,OUTRAS DELEGACIAS,26/11/2017,MADRUGADA - 00H AS 05H59,FEMINICIDIO - TENTATIVA,37,BRANCA,EX-COMPANHEIRO,RESIDENCIA,LEI 11.340/2006 (LEI MARIA DA PENHA)
37 CISP,RIO DE JANEIRO,OUTRAS DELEGACIAS,26/11/2017,MADRUGADA - 00H AS 05H59,FEMINICIDIO - TENTATIVA,9,BRANCA,EX-COMPANHEIRO,RESIDENCIA,LEI 11.340/2006 (LEI MARIA DA PENHA)
37 CISP,RIO DE JANEIRO,OUTRAS DELEGACIAS,26/11/2017,MADRUGADA - 00H AS 05H59,FEMINICIDIO - TENTATIVA,26,BRANCA,EX-COMPANHEIRO,RESIDENCIA,LEI 11.340/2006 (LEI MARIA DA PENHA)
31 CISP,RIO DE JANEIRO,OUTRAS DELEGACIAS,16/01/2018,TARDE - 12H AS 17H59,FEMINICIDIO - TENTATIVA,37,PARDA,NENHUMA,VIA PUBLICA,SEM LEI ESPECIFICA
31 CISP,RIO DE JANEIRO,OUTRAS DELEGACIAS,16/01/2018,TARDE - 12H AS 17H59,FEMINICIDIO - TENTATIVA,54,BRANCA,NENHUMA,VIA PUBLICA,SEM LEI ESPECIFICA
31 CISP,RIO DE JANEIRO,OUTRAS DELEGACIAS,16/01/2018,TARDE - 12H AS 17H59,FEMINICIDIO - TENTATIVA,NAO INFORMADO,PARDA,NENHUMA,VIA PUBLICA,SEM LEI ESPECIFICA
33 CISP,RIO DE JANEIRO,DEAM - CAMPO GRANDE,16/01/2018,MANHA - 06H AS 11H59,FEMINICIDIO - TENTATIVA,37,BRANCA,EX-COMPANHEIRO,VIA PUBLICA,LEI 11.340/2006 (LEI MARIA DA PENHA)
31 CISP,RIO DE JANEIRO,OUTRAS DELEGACIAS,17/01/2018,NOITE - 18H AS 23H59,FEMINICIDIO - TENTATIVA,82,PRETA,PARENTE,RESIDENCIA,LEI 11.340/2006 (LEI MARIA DA PENHA)
31 CISP,RIO DE JANEIRO,OUTRAS DELEGACIAS,17/01/2018,NOITE - 18H AS 23H59,FEMINICIDIO - TENTATIVA,82,PRETA,NENHUMA,RESIDENCIA,SEM LEI ESPECIFICA
30 CISP,RIO DE JANEIRO,OUTRAS DELEGACIAS,21/01/2018,NOITE - 18H AS 23H59,FEMINICIDIO - TENTATIVA,31,PRETA,COMPANHEIRO,RESIDENCIA,LEI 11.340/2006 (LEI MARIA DA PENHA)
11 CISP,RIO DE JANEIRO,OUTRAS DELEGACIAS,22/01/2018,TARDE - 12H AS 17H59,FEMINICIDIO - TENTATIVA,12,PARDA,PAI/MAE,RESIDENCIA,LEI 11.340/2006 (LEI MARIA DA PENHA)
21 CISP,RIO DE JANEIRO,OUTRAS DELEGACIAS,23/01/2018,MADRUGADA - 00H AS 05H59,FEMINICIDIO - TENTATIVA,24,BRANCA,EX-COMPANHEIRO,RESIDENCIA,LEI 11.340/2006 (LEI MARIA DA PENHA)
7 CISP,RIO DE JANEIRO,OUTRAS DELEGACIAS,30/01/2018,MANHA - 06H AS 11H59,FEMINICIDIO - TENTATIVA,60,PARDA,COMPANHEIRO,RESIDENCIA,LEI 11.340/2006 (LEI MARIA DA PENHA)
20 CISP,RIO DE JANEIRO,OUTRAS DELEGACIAS,3/02/2018,NOITE - 18H AS 23H59,FEMINICIDIO - TENTATIVA,30,BRANCA,NENHUMA,VIA PUBLICA,SEM LEI ESPECIFICA
39 CISP,RIO DE JANEIRO,OUTRAS DELEGACIAS,4/02/2018,NOITE - 18H AS 23H59,FEMINICIDIO - TENTATIVA,25,BRANCA,NAO INFORMADO,NAO INFORMADO,SEM LEI ESPECIFICA
31 CISP,RIO DE JANEIRO,OUTRAS DELEGACIAS,5/02/2018,NOITE - 18H AS 23H59,FEMINICIDIO - TENTATIVA,NAO INFORMADO,PARDA,NENHUMA,VIA PUBLICA,SEM LEI ESPECIFICA
31 CISP,RIO DE JANEIRO,OUTRAS DELEGACIAS,5/02/2018,NOITE - 18H AS 23H59,FEMINICIDIO - TENTATIVA,NAO INFORMADO,PARDA,NENHUMA,VIA PUBLICA,SEM LEI ESPECIFICA
43 CISP,RIO DE JANEIRO,DEAM - CAMPO GRANDE,15/02/2018,NAO INFORMADO,FEMINICIDIO - TENTATIVA,NAO INFORMADO,NAO INFORMADO,NAO INFORMADO,RESIDENCIA,SEM LEI ESPECIFICA
28 CISP,RIO DE JANEIRO,OUTRAS DELEGACIAS,10/02/2018,NOITE - 18H AS 23H59,FEMINICIDIO - TENTATIVA,29,PRETA,PARENTE,RESIDENCIA,LEI 11.340/2006 (LEI MARIA DA PENHA)
39 CISP,RIO DE JANEIRO,OUTRAS DELEGACIAS,13/02/2018,MADRUGADA - 00H AS 05H59,FEMINICIDIO,29,PARDA,COMPANHEIRO,RESIDENCIA,LEI 11.340/2006 (LEI MARIA DA PENHA)
21 CISP,RIO DE JANEIRO,OUTRAS DELEGACIAS,16/02/2018,MADRUGADA - 00H AS 05H59,FEMINICIDIO - TENTATIVA,17,PARDA,COMPANHEIRO,OUTROS LOCAIS,LEI 11.340/2006 (LEI MARIA DA PENHA)
32 CISP,RIO DE JANEIRO,DEAM - JACAREPAGUA,18/02/2018,NOITE - 18H AS 23H59,FEMINICIDIO - TENTATIVA,33,PARDA,EX-COMPANHEIRO,RESIDENCIA,LEI 11.340/2006 (LEI MARIA DA PENHA)
32 CISP,RIO DE JANEIRO,OUTRAS DELEGACIAS,27/02/2018,NOITE - 18H AS 23H59,FEMINICIDIO,24,BRANCA,COMPANHEIRO,RESIDENCIA,LEI 11.340/2006 (LEI MARIA DA PENHA)
27 CISP,RIO DE JANEIRO,DEAM - CENTRO,16/03/2018,MADRUGADA - 00H AS 05H59,FEMINICIDIO - TENTATIVA,25,BRANCA,EX-COMPANHEIRO,VIA PUBLICA,LEI 11.340/2006 (LEI MARIA DA PENHA)
43 CISP,RIO DE JANEIRO,DEAM - CAMPO GRANDE,24/03/2018,TARDE - 12H AS 17H59,FEMINICIDIO - TENTATIVA,15,PRETA,COMPANHEIRO,RESIDENCIA,LEI 11.340/2006 (LEI MARIA DA PENHA)
43 CISP,RIO DE JANEIRO,DEAM - CAMPO GRANDE,24/03/2018,TARDE - 12H AS 17H59,FEMINICIDIO - TENTATIVA,42,PRETA,COMPANHEIRO,RESIDENCIA,LEI 11.340/2006 (LEI MARIA DA PENHA)
35 CISP,RIO DE JANEIRO,DEAM - CAMPO GRANDE,26/03/2018,MADRUGADA - 00H AS 05H59,FEMINICIDIO - TENTATIVA,37,BRANCA,COMPANHEIRO,RESIDENCIA,LEI 11.340/2006 (LEI MARIA DA PENHA)
10 CISP,RIO DE JANEIRO,DEAM - CENTRO,8/04/2018,NOITE - 18H AS 23H59,FEMINICIDIO - TENTATIVA,37,PARDA,COMPANHEIRO,RESIDENCIA,LEI 11.340/2006 (LEI MARIA DA PENHA)
19 CISP,RIO DE JANEIRO,NUAM - TIJUCA,12/04/2018,TARDE - 12H AS 17H59,FEMINICIDIO - TENTATIVA,25,PARDA,COMPANHEIRO,OUTROS LOCAIS,LEI 11.340/2006 (LEI MARIA DA PENHA)
21 CISP,RIO DE JANEIRO,OUTRAS DELEGACIAS,22/04/2018,NOITE - 18H AS 23H59,FEMINICIDIO,26,BRANCA,EX-COMPANHEIRO,RESIDENCIA,LEI 11.340/2006 (LEI MARIA DA PENHA)
25 CISP,RIO DE JANEIRO,OUTRAS DELEGACIAS,1/05/2018,MANHA - 06H AS 11H59,FEMINICIDIO,40,BRANCA,COMPANHEIRO,RESIDENCIA,LEI 11.340/2006 (LEI MARIA DA PENHA)
34 CISP,RIO DE JANEIRO,OUTRAS DELEGACIAS,14/01/2018,MADRUGADA - 00H AS 05H59,FEMINICIDIO - TENTATIVA,0,NAO INFORMADO,NENHUMA,OUTROS LOCAIS,SEM LEI ESPECIFICA
22 CISP,RIO DE JANEIRO,OUTRAS DELEGACIAS,14/05/2018,NOITE - 18H AS 23H59,FEMINICIDIO,43,PARDA,NENHUMA,OUTROS LOCAIS,SEM LEI ESPECIFICA
43 CISP,RIO DE JANEIRO,DEAM - CAMPO GRANDE,20/05/2018,MADRUGADA - 00H AS 05H59,FEMINICIDIO - TENTATIVA,20,BRANCA,EX-COMPANHEIRO,RESIDENCIA,LEI 11.340/2006 (LEI MARIA DA PENHA)
19 CISP,RIO DE JANEIRO,NUAM - TIJUCA,24/05/2018,TARDE - 12H AS 17H59,FEMINICIDIO - TENTATIVA,50,PRETA,TRABALHO/ENSINO,OUTROS LOCAIS,SEM LEI ESPECIFICA
40 CISP,RIO DE JANEIRO,OUTRAS DELEGACIAS,24/05/2018,NOITE - 18H AS 23H59,FEMINICIDIO - TENTATIVA,36,BRANCA,COMPANHEIRO,RESIDENCIA,LEI 11.340/2006 (LEI MARIA DA PENHA)
22 CISP,RIO DE JANEIRO,OUTRAS DELEGACIAS,28/05/2018,NOITE - 18H AS 23H59,FEMINICIDIO - TENTATIVA,NAO INFORMADO,NAO INFORMADO,COMPANHEIRO,RESIDENCIA,LEI 11.340/2006 (LEI MARIA DA PENHA)
43 CISP,RIO DE JANEIRO,DEAM - CAMPO GRANDE,31/05/2018,NOITE - 18H AS 23H59,FEMINICIDIO - TENTATIVA,49,PARDA,COMPANHEIRO,RESIDENCIA,LEI 11.340/2006 (LEI MARIA DA PENHA)
32 CISP,RIO DE JANEIRO,DEAM - JACAREPAGUA,1/06/2018,MADRUGADA - 00H AS 05H59,FEMINICIDIO - TENTATIVA,36,PRETA,PARENTE,RESIDENCIA,LEI 11.340/2006 (LEI MARIA DA PENHA)
33 CISP,RIO DE JANEIRO,OUTRAS DELEGACIAS,2/06/2018,MANHA - 06H AS 11H59,FEMINICIDIO - TENTATIVA,29,PARDA,NENHUMA,OUTROS LOCAIS,SEM LEI ESPECIFICA
33 CISP,RIO DE JANEIRO,OUTRAS DELEGACIAS,2/06/2018,MANHA - 06H AS 11H59,FEMINICIDIO - TENTATIVA,19,BRANCA,NENHUMA,OUTROS LOCAIS,SEM LEI ESPECIFICA
35 CISP,RIO DE JANEIRO,DEAM - CAMPO GRANDE,31/05/2018,MADRUGADA - 00H AS 05H59,FEMINICIDIO - TENTATIVA,38,BRANCA,EX-COMPANHEIRO,RESIDENCIA,LEI 11.340/2006 (LEI MARIA DA PENHA)
19 CISP,RIO DE JANEIRO,NUAM - TIJUCA,12/06/2018,NOITE - 18H AS 23H59,FEMINICIDIO - TENTATIVA,NAO INFORMADO,NAO INFORMADO,NAO INFORMADO,VIA PUBLICA,SEM LEI ESPECIFICA
11 CISP,RIO DE JANEIRO,OUTRAS DELEGACIAS,18/06/2018,MANHA - 06H AS 11H59,FEMINICIDIO,41,PARDA,COMPANHEIRO,RESIDENCIA,LEI 11.340/2006 (LEI MARIA DA PENHA)
34 CISP,RIO DE JANEIRO,OUTRAS DELEGACIAS,19/06/2018,MADRUGADA - 00H AS 05H59,FEMINICIDIO - TENTATIVA,NAO INFORMADO,PRETA,NAO INFORMADO,VIA PUBLICA,SEM LEI ESPECIFICA
35 CISP,RIO DE JANEIRO,OUTRAS DELEGACIAS,16/06/2018,MADRUGADA - 00H AS 05H59,FEMINICIDIO - TENTATIVA,37,PRETA,EX-COMPANHEIRO,RESIDENCIA,LEI 11.340/2006 (LEI MARIA DA PENHA)
41 CISP,RIO DE JANEIRO,DEAM - JACAREPAGUA,20/06/2018,TARDE - 12H AS 17H59,FEMINICIDIO - TENTATIVA,33,PARDA,COMPANHEIRO,RESIDENCIA,LEI 11.340/2006 (LEI MARIA DA PENHA)
34 CISP,RIO DE JANEIRO,OUTRAS DELEGACIAS,24/06/2018,MADRUGADA - 00H AS 05H59,FEMINICIDIO - TENTATIVA,37,BRANCA,NAO INFORMADO,VIA PUBLICA,SEM LEI ESPECIFICA
32 CISP,RIO DE JANEIRO,OUTRAS DELEGACIAS,29/06/2018,NOITE - 18H AS 23H59,FEMINICIDIO - TENTATIVA,25,BRANCA,OUTRAS,VIA PUBLICA,SEM LEI ESPECIFICA
18 CISP,RIO DE JANEIRO,DEAM - CENTRO,31/10/2017,MADRUGADA - 00H AS 05H59,FEMINICIDIO - TENTATIVA,23,BRANCA,EX-COMPANHEIRO,RESIDENCIA,LEI 11.340/2006 (LEI MARIA DA PENHA)
10 CISP,RIO DE JANEIRO,OUTRAS DELEGACIAS,6/07/2018,NOITE - 18H AS 23H59,FEMINICIDIO - TENTATIVA,24,BRANCA,COMPANHEIRO,VIA PUBLICA,LEI 11.340/2006 (LEI MARIA DA PENHA)
36 CISP,RIO DE JANEIRO,OUTRAS DELEGACIAS,7/07/2018,MADRUGADA - 00H AS 05H59,FEMINICIDIO,44,PARDA,NENHUMA,RESIDENCIA,SEM LEI ESPECIFICA
36 CISP,RIO DE JANEIRO,OUTRAS DELEGACIAS,7/07/2018,MADRUGADA - 00H AS 05H59,FEMINICIDIO - TENTATIVA,37,BRANCA,NENHUMA,RESIDENCIA,SEM LEI ESPECIFICA
33 CISP,RIO DE JANEIRO,NUAM - REALENGO,16/07/2018,MADRUGADA - 00H AS 05H59,FEMINICIDIO - TENTATIVA,25,BRANCA,EX-COMPANHEIRO,VIA PUBLICA,LEI 11.340/2006 (LEI MARIA DA PENHA)
32 CISP,RIO DE JANEIRO,DEAM - JACAREPAGUA,21/07/2018,MADRUGADA - 00H AS 05H59,FEMINICIDIO - TENTATIVA,22,PARDA,COMPANHEIRO,RESIDENCIA,LEI 11.340/2006 (LEI MARIA DA PENHA)
17 CISP,RIO DE JANEIRO,OUTRAS DELEGACIAS,25/07/2018,MADRUGADA - 00H AS 05H59,FEMINICIDIO,26,PARDA,COMPANHEIRO,RESIDENCIA,LEI 11.340/2006 (LEI MARIA DA PENHA)
27 CISP,RIO DE JANEIRO,OUTRAS DELEGACIAS,1/08/2018,NOITE - 18H AS 23H59,FEMINICIDIO - TENTATIVA,44,BRANCA,NENHUMA,VIA PUBLICA,SEM LEI ESPECIFICA
27 CISP,RIO DE JANEIRO,OUTRAS DELEGACIAS,1/08/2018,NOITE - 18H AS 23H59,FEMINICIDIO - TENTATIVA,35,PRETA,NENHUMA,VIA PUBLICA,SEM LEI ESPECIFICA
27 CISP,RIO DE JANEIRO,OUTRAS DELEGACIAS,1/08/2018,NOITE - 18H AS 23H59,FEMINICIDIO - TENTATIVA,37,BRANCA,NENHUMA,VIA PUBLICA,SEM LEI ESPECIFICA
29 CISP,RIO DE JANEIRO,DEAM - DUQUE DE CAXIAS,5/08/2018,MADRUGADA - 00H AS 05H59,FEMINICIDIO - TENTATIVA,33,PARDA,COMPANHEIRO,OUTROS LOCAIS,LEI 11.340/2006 (LEI MARIA DA PENHA)
45 CISP,RIO DE JANEIRO,OUTRAS DELEGACIAS,6/08/2018,MADRUGADA - 00H AS 05H59,FEMINICIDIO,25,BRANCA,COMPANHEIRO,RESIDENCIA,LEI 11.340/2006 (LEI MARIA DA PENHA)
5 CISP,RIO DE JANEIRO,OUTRAS DELEGACIAS,8/08/2018,TARDE - 12H AS 17H59,FEMINICIDIO - TENTATIVA,26,PARDA,PADRASTO/MADRASTA,RESIDENCIA,LEI 11.340/2006 (LEI MARIA DA PENHA)
33 CISP,RIO DE JANEIRO,NUAM - REALENGO,9/08/2018,NOITE - 18H AS 23H59,FEMINICIDIO - TENTATIVA,22,PRETA,OUTRAS,RESIDENCIA,SEM LEI ESPECIFICA
35 CISP,RIO DE JANEIRO,OUTRAS DELEGACIAS,13/08/2018,MADRUGADA - 00H AS 05H59,FEMINICIDIO - TENTATIVA,29,PARDA,EX-COMPANHEIRO,VIA PUBLICA,LEI 11.340/2006 (LEI MARIA DA PENHA)
32 CISP,RIO DE JANEIRO,DEAM - JACAREPAGUA,13/08/2018,MADRUGADA - 00H AS 05H59,FEMINICIDIO - TENTATIVA,33,PRETA,EX-COMPANHEIRO,RESIDENCIA,LEI 11.340/2006 (LEI MARIA DA PENHA)
27 CISP,RIO DE JANEIRO,DEAM - CENTRO,16/08/2018,NOITE - 18H AS 23H59,FEMINICIDIO - TENTATIVA,45,PARDA,EX-COMPANHEIRO,RESIDENCIA,LEI 11.340/2006 (LEI MARIA DA PENHA)
35 CISP,RIO DE JANEIRO,OUTRAS DELEGACIAS,27/08/2018,MADRUGADA - 00H AS 05H59,FEMINICIDIO - TENTATIVA,NAO INFORMADO,NAO INFORMADO,NAO INFORMADO,VIA PUBLICA,SEM LEI ESPECIFICA
20 CISP,RIO DE JANEIRO,DEAM - CENTRO,27/08/2018,MANHA - 06H AS 11H59,FEMINICIDIO - TENTATIVA,45,PRETA,COMPANHEIRO,RESIDENCIA,LEI 11.340/2006 (LEI MARIA DA PENHA)
29 CISP,RIO DE JANEIRO,OUTRAS DELEGACIAS,30/08/2018,TARDE - 12H AS 17H59,FEMINICIDIO - TENTATIVA,37,PRETA,NENHUMA,VIA PUBLICA,SEM LEI ESPECIFICA
42 CISP,RIO DE JANEIRO,DEAM - CAMPO GRANDE,1/09/2018,TARDE - 12H AS 17H59,FEMINICIDIO - TENTATIVA,37,PRETA,PARENTE,RESIDENCIA,LEI 11.340/2006 (LEI MARIA DA PENHA)
16 CISP,RIO DE JANEIRO,DEAM - CAMPOS,23/08/2018,MADRUGADA - 00H AS 05H59,FEMINICIDIO - TENTATIVA,34,BRANCA,EX-COMPANHEIRO,OUTROS LOCAIS,LEI 11.340/2006 (LEI MARIA DA PENHA)
39 CISP,RIO DE JANEIRO,OUTRAS DELEGACIAS,15/09/2018,NOITE - 18H AS 23H59,FEMINICIDIO - TENTATIVA,27,PARDA,NAO INFORMADO,NAO INFORMADO,SEM LEI ESPECIFICA
37 CISP,RIO DE JANEIRO,OUTRAS DELEGACIAS,16/09/2018,MADRUGADA - 00H AS 05H59,FEMINICIDIO,NAO INFORMADO,PARDA,COMPANHEIRO,OUTROS LOCAIS,LEI 11.340/2006 (LEI MARIA DA PENHA)
35 CISP,RIO DE JANEIRO,OUTRAS DELEGACIAS,17/09/2018,MADRUGADA - 00H AS 05H59,FEMINICIDIO - TENTATIVA,34,PARDA,EX-COMPANHEIRO,RESIDENCIA,LEI 11.340/2006 (LEI MARIA DA PENHA)
33 CISP,RIO DE JANEIRO,NUAM - REALENGO,18/09/2018,TARDE - 12H AS 17H59,FEMINICIDIO - TENTATIVA,30,BRANCA,COMPANHEIRO,RESIDENCIA,LEI 11.340/2006 (LEI MARIA DA PENHA)
38 CISP,RIO DE JANEIRO,DEAM - DUQUE DE CAXIAS,24/06/2018,MADRUGADA - 00H AS 05H59,FEMINICIDIO - TENTATIVA,35,BRANCA,EX-COMPANHEIRO,RESIDENCIA,LEI 11.340/2006 (LEI MARIA DA PENHA)
38 CISP,RIO DE JANEIRO,DEAM - DUQUE DE CAXIAS,24/06/2018,MADRUGADA - 00H AS 05H59,FEMINICIDIO - TENTATIVA,35,BRANCA,EX-COMPANHEIRO,RESIDENCIA,LEI 11.340/2006 (LEI MARIA DA PENHA)
43 CISP,RIO DE JANEIRO,DEAM - CAMPO GRANDE,30/09/2018,TARDE - 12H AS 17H59,FEMINICIDIO - TENTATIVA,61,PARDA,COMPANHEIRO,RESIDENCIA,LEI 11.340/2006 (LEI MARIA DA PENHA)
9 CISP,RIO DE JANEIRO,OUTRAS DELEGACIAS,2/10/2018,NOITE - 18H AS 23H59,FEMINICIDIO - TENTATIVA,37,PARDA,NAO INFORMADO,VIA PUBLICA,SEM LEI ESPECIFICA
28 CISP,RIO DE JANEIRO,OUTRAS DELEGACIAS,5/10/2018,NOITE - 18H AS 23H59,FEMINICIDIO,38,PARDA,EX-COMPANHEIRO,RESIDENCIA,LEI 11.340/2006 (LEI MARIA DA PENHA)
35 CISP,RIO DE JANEIRO,OUTRAS DELEGACIAS,9/10/2018,NOITE - 18H AS 23H59,FEMINICIDIO - TENTATIVA,49,PRETA,COMPANHEIRO,VIA PUBLICA,SEM LEI ESPECIFICA
21 CISP,RIO DE JANEIRO,OUTRAS DELEGACIAS,13/10/2018,MANHA - 06H AS 11H59,FEMINICIDIO - TENTATIVA,NAO INFORMADO,NAO INFORMADO,COMPANHEIRO,VIA PUBLICA,LEI 11.340/2006 (LEI MARIA DA PENHA)
41 CISP,RIO DE JANEIRO,DEAM - JACAREPAGUA,12/10/2018,NOITE - 18H AS 23H59,FEMINICIDIO - TENTATIVA,27,PARDA,COMPANHEIRO,OUTROS LOCAIS,LEI 11.340/2006 (LEI MARIA DA PENHA)
41 CISP,RIO DE JANEIRO,DEAM - JACAREPAGUA,12/10/2018,NOITE - 18H AS 23H59,FEMINICIDIO - TENTATIVA,27,PARDA,COMPANHEIRO,OUTROS LOCAIS,LEI 11.340/2006 (LEI MARIA DA PENHA)
22 CISP,RIO DE JANEIRO,OUTRAS DELEGACIAS,15/10/2018,TARDE - 12H AS 17H59,FEMINICIDIO - TENTATIVA,32,PRETA,EX-COMPANHEIRO,OUTROS LOCAIS,LEI 11.340/2006 (LEI MARIA DA PENHA)
7 CISP,RIO DE JANEIRO,OUTRAS DELEGACIAS,19/10/2018,MANHA - 06H AS 11H59,FEMINICIDIO - TENTATIVA,NAO INFORMADO,NAO INFORMADO,NAO INFORMADO,VIA PUBLICA,SEM LEI ESPECIFICA
7 CISP,RIO DE JANEIRO,OUTRAS DELEGACIAS,19/10/2018,MANHA - 06H AS 11H59,FEMINICIDIO - TENTATIVA,NAO INFORMADO,NAO INFORMADO,NAO INFORMADO,VIA PUBLICA,SEM LEI ESPECIFICA
7 CISP,RIO DE JANEIRO,OUTRAS DELEGACIAS,19/10/2018,MANHA - 06H AS 11H59,FEMINICIDIO - TENTATIVA,NAO INFORMADO,NAO INFORMADO,NAO INFORMADO,VIA PUBLICA,SEM LEI ESPECIFICA
7 CISP,RIO DE JANEIRO,OUTRAS DELEGACIAS,19/10/2018,MANHA - 06H AS 11H59,FEMINICIDIO - TENTATIVA,NAO INFORMADO,NAO INFORMADO,NAO INFORMADO,VIA PUBLICA,SEM LEI ESPECIFICA
7 CISP,RIO DE JANEIRO,OUTRAS DELEGACIAS,19/10/2018,MANHA - 06H AS 11H59,FEMINICIDIO - TENTATIVA,40,BRANCA,NAO INFORMADO,VIA PUBLICA,SEM LEI ESPECIFICA
7 CISP,RIO DE JANEIRO,OUTRAS DELEGACIAS,19/10/2018,MANHA - 06H AS 11H59,FEMINICIDIO - TENTATIVA,NAO INFORMADO,NAO INFORMADO,NAO INFORMADO,VIA PUBLICA,SEM LEI ESPECIFICA
26 CISP,RIO DE JANEIRO,OUTRAS DELEGACIAS,19/10/2018,TARDE - 12H AS 17H59,FEMINICIDIO,64,BRANCA,PARENTE,RESIDENCIA,LEI 11.340/2006 (LEI MARIA DA PENHA)
43 CISP,RIO DE JANEIRO,OUTRAS DELEGACIAS,22/10/2018,NOITE - 18H AS 23H59,FEMINICIDIO - TENTATIVA,19,PARDA,NENHUMA,VIA PUBLICA,SEM LEI ESPECIFICA
11 CISP,RIO DE JANEIRO,NUAM - ROCINHA,23/10/2018,TARDE - 12H AS 17H59,FEMINICIDIO - TENTATIVA,36,PARDA,EX-COMPANHEIRO,RESIDENCIA,LEI 11.340/2006 (LEI MARIA DA PENHA)
13 CISP,RIO DE JANEIRO,OUTRAS DELEGACIAS,28/10/2018,MANHA - 06H AS 11H59,FEMINICIDIO,40,PARDA,NENHUMA,RESIDENCIA,SEM LEI ESPECIFICA
36 CISP,RIO DE JANEIRO,NUAM - SANTA CRUZ,31/10/2018,NOITE - 18H AS 23H59,FEMINICIDIO - TENTATIVA,NAO INFORMADO,PRETA,OUTRAS,VIA PUBLICA,LEI 11.340/2006 (LEI MARIA DA PENHA)
25 CISP,RIO DE JANEIRO,OUTRAS DELEGACIAS,2/11/2018,MADRUGADA - 00H AS 05H59,FEMINICIDIO,29,PARDA,COMPANHEIRO,RESIDENCIA,LEI 11.340/2006 (LEI MARIA DA PENHA)
21 CISP,RIO DE JANEIRO,NUAM - BONSUCESSO,3/11/2018,NOITE - 18H AS 23H59,FEMINICIDIO - TENTATIVA,NAO INFORMADO,PARDA,NENHUMA,VIA PUBLICA,SEM LEI ESPECIFICA
21 CISP,RIO DE JANEIRO,NUAM - BONSUCESSO,3/11/2018,NOITE - 18H AS 23H59,FEMINICIDIO - TENTATIVA,NAO INFORMADO,BRANCA,NENHUMA,VIA PUBLICA,SEM LEI ESPECIFICA
4 CISP,RIO DE JANEIRO,DEAM - CENTRO,23/10/2018,TARDE - 12H AS 17H59,FEMINICIDIO - TENTATIVA,34,PRETA,EX-COMPANHEIRO,RESIDENCIA,LEI 11.340/2006 (LEI MARIA DA PENHA)
40 CISP,RIO DE JANEIRO,OUTRAS DELEGACIAS,7/11/2018,MADRUGADA - 00H AS 05H59,FEMINICIDIO - TENTATIVA,29,PARDA,COMPANHEIRO,RESIDENCIA,LEI 11.340/2006 (LEI MARIA DA PENHA)
31 CISP,RIO DE JANEIRO,OUTRAS DELEGACIAS,9/11/2018,NOITE - 18H AS 23H59,FEMINICIDIO - TENTATIVA,27,PARDA,PARENTE,VIA PUBLICA,LEI 11.340/2006 (LEI MARIA DA PENHA)
31 CISP,RIO DE JANEIRO,OUTRAS DELEGACIAS,15/11/2018,MANHA - 06H AS 11H59,FEMINICIDIO,16,PRETA,EX-COMPANHEIRO,VIA PUBLICA,LEI 11.340/2006 (LEI MARIA DA PENHA)
32 CISP,RIO DE JANEIRO,OUTRAS DELEGACIAS,17/11/2018,NOITE - 18H AS 23H59,FEMINICIDIO - TENTATIVA,34,NAO INFORMADO,COMPANHEIRO,RESIDENCIA,LEI 11.340/2006 (LEI MARIA DA PENHA)
32 CISP,RIO DE JANEIRO,OUTRAS DELEGACIAS,18/11/2018,NOITE - 18H AS 23H59,FEMINICIDIO,19,PARDA,OUTRAS,RESIDENCIA,SEM LEI ESPECIFICA
27 CISP,RIO DE JANEIRO,OUTRAS DELEGACIAS,18/11/2018,NOITE - 18H AS 23H59,FEMINICIDIO,29,PARDA,EX-COMPANHEIRO,VIA PUBLICA,LEI 11.340/2006 (LEI MARIA DA PENHA)
26 CISP,RIO DE JANEIRO,OUTRAS DELEGACIAS,22/11/2018,NOITE - 18H AS 23H59,FEMINICIDIO - TENTATIVA,34,PARDA,EX-COMPANHEIRO,RESIDENCIA,LEI 11.340/2006 (LEI MARIA DA PENHA)
39 CISP,RIO DE JANEIRO,OUTRAS DELEGACIAS,25/11/2018,MANHA - 06H AS 11H59,FEMINICIDIO - TENTATIVA,32,BRANCA,NENHUMA,VIA PUBLICA,SEM LEI ESPECIFICA
16 CISP,RIO DE JANEIRO,OUTRAS DELEGACIAS,29/11/2018,MADRUGADA - 00H AS 05H59,FEMINICIDIO - TENTATIVA,26,BRANCA,NAO INFORMADO,OUTROS LOCAIS,SEM LEI ESPECIFICA
36 CISP,RIO DE JANEIRO,DEAM - CAMPO GRANDE,21/11/2018,TARDE - 12H AS 17H59,FEMINICIDIO - TENTATIVA,34,PRETA,COMPANHEIRO,RESIDENCIA,LEI 11.340/2006 (LEI MARIA DA PENHA)
39 CISP,RIO DE JANEIRO,OUTRAS DELEGACIAS,5/12/2018,NOITE - 18H AS 23H59,FEMINICIDIO - TENTATIVA,NAO INFORMADO,PARDA,NAO INFORMADO,NAO INFORMADO,SEM LEI ESPECIFICA
22 CISP,RIO DE JANEIRO,OUTRAS DELEGACIAS,9/12/2018,MADRUGADA - 00H AS 05H59,FEMINICIDIO - TENTATIVA,27,PRETA,NAO INFORMADO,VIA PUBLICA,SEM LEI ESPECIFICA
39 CISP,RIO DE JANEIRO,OUTRAS DELEGACIAS,14/12/2018,NOITE - 18H AS 23H59,FEMINICIDIO,30,PARDA,NAO INFORMADO,OUTROS LOCAIS,SEM LEI ESPECIFICA
42 CISP,RIO DE JANEIRO,OUTRAS DELEGACIAS,15/12/2018,NOITE - 18H AS 23H59,FEMINICIDIO,0,BRANCA,NAO INFORMADO,NAO INFORMADO,SEM LEI ESPECIFICA
27 CISP,RIO DE JANEIRO,DEAM - CENTRO,22/12/2018,MANHA - 06H AS 11H59,FEMINICIDIO - TENTATIVA,28,PARDA,EX-COMPANHEIRO,RESIDENCIA,LEI 11.340/2006 (LEI MARIA DA PENHA)
35 CISP,RIO DE JANEIRO,OUTRAS DELEGACIAS,24/12/2018,TARDE - 12H AS 17H59,FEMINICIDIO,24,PRETA,COMPANHEIRO,VIA PUBLICA,LEI 11.340/2006 (LEI MARIA DA PENHA)
29 CISP,RIO DE JANEIRO,OUTRAS DELEGACIAS,26/12/2018,MADRUGADA - 00H AS 05H59,FEMINICIDIO,NAO INFORMADO,PARDA,COMPANHEIRO,OUTROS LOCAIS,LEI 11.340/2006 (LEI MARIA DA PENHA)
36 CISP,RIO DE JANEIRO,DEAM - CAMPO GRANDE,10/11/2018,NOITE - 18H AS 23H59,FEMINICIDIO,34,PRETA,COMPANHEIRO,RESIDENCIA,LEI 11.340/2006 (LEI MARIA DA PENHA)
32 CISP,RIO DE JANEIRO,DEAM - JACAREPAGUA,28/12/2018,MADRUGADA - 00H AS 05H59,FEMINICIDIO - TENTATIVA,15,PARDA,EX-COMPANHEIRO,RESIDENCIA,LEI 11.340/2006 (LEI MARIA DA PENHA)
74 CISP,SAO GONCALO,DEAM - SAO GONCALO,28/01/2018,MADRUGADA - 00H AS 05H59,FEMINICIDIO - TENTATIVA,60,BRANCA,COMPANHEIRO,RESIDENCIA,LEI 11.340/2006 (LEI MARIA DA PENHA)
82 CISP,MARICA,OUTRAS DELEGACIAS,13/03/2018,MANHA - 06H AS 11H59,FEMINICIDIO - TENTATIVA,43,BRANCA,NENHUMA,VIA PUBLICA,LEI 11.340/2006 (LEI MARIA DA PENHA)
74 CISP,SAO GONCALO,DEAM - SAO GONCALO,15/03/2018,MADRUGADA - 00H AS 05H59,FEMINICIDIO - TENTATIVA,33,BRANCA,COMPANHEIRO,RESIDENCIA,LEI 11.340/2006 (LEI MARIA DA PENHA)
76 CISP,NITEROI,OUTRAS DELEGACIAS,23/03/2018,TARDE - 12H AS 17H59,FEMINICIDIO,NAO INFORMADO,BRANCA,COMPANHEIRO,RESIDENCIA,LEI 11.340/2006 (LEI MARIA DA PENHA)
75 CISP,SAO GONCALO,OUTRAS DELEGACIAS,24/11/2014,MANHA - 06H AS 11H59,FEMINICIDIO - TENTATIVA,67,NAO INFORMADO,PARENTE,RESIDENCIA,LEI 11.340/2006 (LEI MARIA DA PENHA)
82 CISP,MARICA,OUTRAS DELEGACIAS,27/04/2018,NOITE - 18H AS 23H59,FEMINICIDIO - TENTATIVA,52,BRANCA,NAO INFORMADO,RESIDENCIA,SEM LEI ESPECIFICA
75 CISP,SAO GONCALO,OUTRAS DELEGACIAS,30/03/2016,TARDE - 12H AS 17H59,FEMINICIDIO - TENTATIVA,34,PARDA,NENHUMA,VIA PUBLICA,SEM LEI ESPECIFICA
78 CISP,NITEROI,DEAM - NITEROI,28/05/2018,TARDE - 12H AS 17H59,FEMINICIDIO - TENTATIVA,41,NAO INFORMADO,COMPANHEIRO,RESIDENCIA,LEI 11.340/2006 (LEI MARIA DA PENHA)
72 CISP,SAO GONCALO,DEAM - SAO GONCALO,15/07/2018,TARDE - 12H AS 17H59,FEMINICIDIO - TENTATIVA,66,PARDA,COMPANHEIRO,RESIDENCIA,LEI 11.340/2006 (LEI MARIA DA PENHA)
72 CISP,SAO GONCALO,DEAM - SAO GONCALO,15/07/2018,TARDE - 12H AS 17H59,FEMINICIDIO - TENTATIVA,66,PARDA,COMPANHEIRO,RESIDENCIA,LEI 11.340/2006 (LEI MARIA DA PENHA)
76 CISP,NITEROI,DEAM - NITEROI,23/07/2018,MADRUGADA - 00H AS 05H59,FEMINICIDIO - TENTATIVA,25,BRANCA,COMPANHEIRO,RESIDENCIA,LEI 11.340/2006 (LEI MARIA DA PENHA)
74 CISP,SAO GONCALO,DEAM - NITEROI,10/08/2018,MANHA - 06H AS 11H59,FEMINICIDIO - TENTATIVA,39,PRETA,COMPANHEIRO,RESIDENCIA,LEI 11.340/2006 (LEI MARIA DA PENHA)
72 CISP,SAO GONCALO,DEAM - SAO GONCALO,29/08/2018,MADRUGADA - 00H AS 05H59,FEMINICIDIO - TENTATIVA,32,PARDA,EX-COMPANHEIRO,RESIDENCIA,LEI 11.340/2006 (LEI MARIA DA PENHA)
72 CISP,SAO GONCALO,OUTRAS DELEGACIAS,28/10/2018,MADRUGADA - 00H AS 05H59,FEMINICIDIO,28,PARDA,COMPANHEIRO,RESIDENCIA,LEI 11.340/2006 (LEI MARIA DA PENHA)
78 CISP,NITEROI,OUTRAS DELEGACIAS,28/10/2018,NOITE - 18H AS 23H59,FEMINICIDIO - TENTATIVA,NAO INFORMADO,NAO INFORMADO,NENHUMA,NAO INFORMADO,SEM LEI ESPECIFICA
75 CISP,SAO GONCALO,OUTRAS DELEGACIAS,10/11/2018,MANHA - 06H AS 11H59,FEMINICIDIO - TENTATIVA,75,PRETA,PARENTE,VIA PUBLICA,LEI 11.340/2006 (LEI MARIA DA PENHA)
76 CISP,NITEROI,DEAM - NITEROI,6/12/2018,NOITE - 18H AS 23H59,FEMINICIDIO - TENTATIVA,NAO INFORMADO,NAO INFORMADO,NAO INFORMADO,OUTROS LOCAIS,SEM LEI ESPECIFICA
73 CISP,SAO GONCALO,OUTRAS DELEGACIAS,16/12/2018,MANHA - 06H AS 11H59,FEMINICIDIO - TENTATIVA,25,PRETA,COMPANHEIRO,VIA PUBLICA,LEI 11.340/2006 (LEI MARIA DA PENHA)
78 CISP,NITEROI,OUTRAS DELEGACIAS,22/12/2018,MADRUGADA - 00H AS 05H59,FEMINICIDIO,29,BRANCA,COMPANHEIRO,RESIDENCIA,LEI 11.340/2006 (LEI MARIA DA PENHA)
77 CISP,NITEROI,DEAM - NITEROI,12/11/2018,TARDE - 12H AS 17H59,FEMINICIDIO - TENTATIVA,38,PARDA,EX-COMPANHEIRO,RESIDENCIA,LEI 11.340/2006 (LEI MARIA DA PENHA)
138 CISP,LAJE DO MURIAE,OUTRAS DELEGACIAS,5/01/2018,NOITE - 18H AS 23H59,FEMINICIDIO,60,PARDA,PARENTE,OUTROS LOCAIS,LEI 11.340/2006 (LEI MARIA DA PENHA)
104 CISP,SAO JOSE DO VALE DO RIO PRETO,NUAM - TERESOPOLIS,7/01/2018,NOITE - 18H AS 23H59,FEMINICIDIO - TENTATIVA,44,BRANCA,COMPANHEIRO,RESIDENCIA,LEI 11.340/2006 (LEI MARIA DA PENHA)
166 CISP,ANGRA DOS REIS,DEAM - ANGRA DOS REIS,9/01/2018,NOITE - 18H AS 23H59,FEMINICIDIO - TENTATIVA,14,PARDA,PARENTE,VIA PUBLICA,LEI 11.340/2006 (LEI MARIA DA PENHA)
126 CISP,CABO FRIO,DEAM - CABO FRIO,11/01/2018,NOITE - 18H AS 23H59,FEMINICIDIO - TENTATIVA,38,BRANCA,PARENTE,RESIDENCIA,LEI 11.340/2006 (LEI MARIA DA PENHA)
126 CISP,CABO FRIO,DEAM - CABO FRIO,11/01/2018,NOITE - 18H AS 23H59,FEMINICIDIO - TENTATIVA,16,BRANCA,PARENTE,RESIDENCIA,LEI 11.340/2006 (LEI MARIA DA PENHA)
91 CISP,VALENCA,NUAM - VALENCA,20/01/2018,MADRUGADA - 00H AS 05H59,FEMINICIDIO - TENTATIVA,34,BRANCA,EX-COMPANHEIRO,VIA PUBLICA,LEI 11.340/2006 (LEI MARIA DA PENHA)
91 CISP,VALENCA,NUAM - VALENCA,20/01/2018,MADRUGADA - 00H AS 05H59,FEMINICIDIO - TENTATIVA,34,BRANCA,EX-COMPANHEIRO,VIA PUBLICA,LEI 11.340/2006 (LEI MARIA DA PENHA)
110 CISP,TERESOPOLIS,NUAM - TERESOPOLIS,22/01/2018,MANHA - 06H AS 11H59,FEMINICIDIO - TENTATIVA,31,PARDA,COMPANHEIRO,RESIDENCIA,LEI 11.340/2006 (LEI MARIA DA PENHA)
136 CISP,SANTO ANTONIO DE PADUA,OUTRAS DELEGACIAS,28/01/2018,TARDE - 12H AS 17H59,FEMINICIDIO,45,PARDA,EX-COMPANHEIRO,RESIDENCIA,LEI 11.340/2006 (LEI MARIA DA PENHA)
146 CISP,CAMPOS DOS GOYTACAZES,NUAM - GUARUS,29/01/2018,NOITE - 18H AS 23H59,FEMINICIDIO,17,PRETA,NAO INFORMADO,VIA PUBLICA,SEM LEI ESPECIFICA
166 CISP,ANGRA DOS REIS,DEAM - ANGRA DOS REIS,30/01/2018,MANHA - 06H AS 11H59,FEMINICIDIO - TENTATIVA,44,PARDA,NENHUMA,VIA PUBLICA,SEM LEI ESPECIFICA
71 CISP,ITABORAI,OUTRAS DELEGACIAS,1/02/2018,TARDE - 12H AS 17H59,FEMINICIDIO - TENTATIVA,NAO INFORMADO,NAO INFORMADO,NAO INFORMADO,VIA PUBLICA,SEM LEI ESPECIFICA
89 CISP,RESENDE,NUAM - RESENDE,2/02/2018,MADRUGADA - 00H AS 05H59,FEMINICIDIO - TENTATIVA,35,PRETA,EX-COMPANHEIRO,RESIDENCIA,LEI 11.340/2006 (LEI MARIA DA PENHA)
70 CISP,TANGUA,OUTRAS DELEGACIAS,13/02/2018,NOITE - 18H AS 23H59,FEMINICIDIO - TENTATIVA,NAO INFORMADO,NAO INFORMADO,NAO INFORMADO,VIA PUBLICA,SEM LEI ESPECIFICA
88 CISP,BARRA DO PIRAI,OUTRAS DELEGACIAS,8/02/2018,NOITE - 18H AS 23H59,FEMINICIDIO - TENTATIVA,32,PARDA,COMPANHEIRO,RESIDENCIA,LEI 11.340/2006 (LEI MARIA DA PENHA)
146 CISP,CAMPOS DOS GOYTACAZES,DEAM - CAMPOS,10/02/2018,NOITE - 18H AS 23H59,FEMINICIDIO - TENTATIVA,20,PARDA,COMPANHEIRO,VIA PUBLICA,LEI 11.340/2006 (LEI MARIA DA PENHA)
96 CISP,MIGUEL PEREIRA,OUTRAS DELEGACIAS,18/02/2018,NOITE - 18H AS 23H59,FEMINICIDIO - TENTATIVA,43,BRANCA,EX-COMPANHEIRO,VIA PUBLICA,LEI 11.340/2006 (LEI MARIA DA PENHA)
96 CISP,MIGUEL PEREIRA,OUTRAS DELEGACIAS,18/02/2018,NOITE - 18H AS 23H59,FEMINICIDIO - TENTATIVA,35,PARDA,EX-COMPANHEIRO,VIA PUBLICA,LEI 11.340/2006 (LEI MARIA DA PENHA)
96 CISP,MIGUEL PEREIRA,OUTRAS DELEGACIAS,18/02/2018,NOITE - 18H AS 23H59,FEMINICIDIO - TENTATIVA,35,PARDA,EX-COMPANHEIRO,VIA PUBLICA,LEI 11.340/2006 (LEI MARIA DA PENHA)
147 CISP,SAO FRANCISCO DE ITABAPOANA,OUTRAS DELEGACIAS,19/02/2018,MANHA - 06H AS 11H59,FEMINICIDIO - TENTATIVA,63,BRANCA,NENHUMA,OUTROS LOCAIS,SEM LEI ESPECIFICA
89 CISP,RESENDE,NUAM - RESENDE,18/03/2018,MADRUGADA - 00H AS 05H59,FEMINICIDIO - TENTATIVA,33,BRANCA,COMPANHEIRO,RESIDENCIA,LEI 11.340/2006 (LEI MARIA DA PENHA)
129 CISP,IGUABA GRANDE,OUTRAS DELEGACIAS,16/03/2018,MADRUGADA - 00H AS 05H59,FEMINICIDIO,31,PARDA,NAO INFORMADO,OUTROS LOCAIS,SEM LEI ESPECIFICA
90 CISP,BARRA MANSA,NUAM - BARRA MANSA,28/03/2018,TARDE - 12H AS 17H59,FEMINICIDIO - TENTATIVA,32,PARDA,EX-COMPANHEIRO,VIA PUBLICA,LEI 11.340/2006 (LEI MARIA DA PENHA)
123 CISP,MACAE,OUTRAS DELEGACIAS,28/03/2018,MANHA - 06H AS 11H59,FEMINICIDIO,31,PARDA,EX-COMPANHEIRO,INTERIOR DE TRANSP.COLETIVO/ALTERNATIVO,LEI 11.340/2006 (LEI MARIA DA PENHA)
134 CISP,CAMPOS DOS GOYTACAZES,DEAM - CAMPOS,31/03/2018,NOITE - 18H AS 23H59,FEMINICIDIO - TENTATIVA,39,BRANCA,EX-COMPANHEIRO,RESIDENCIA,LEI 11.340/2006 (LEI MARIA DA PENHA)
148 CISP,ITALVA,OUTRAS DELEGACIAS,3/04/2018,MANHA - 06H AS 11H59,FEMINICIDIO - TENTATIVA,45,BRANCA,COMPANHEIRO,RESIDENCIA,LEI 11.340/2006 (LEI MARIA DA PENHA)
110 CISP,TERESOPOLIS,NUAM - TERESOPOLIS,7/04/2018,MADRUGADA - 00H AS 05H59,FEMINICIDIO - TENTATIVA,22,PRETA,NENHUMA,VIA PUBLICA,SEM LEI ESPECIFICA
88 CISP,BARRA DO PIRAI,OUTRAS DELEGACIAS,7/04/2018,MANHA - 06H AS 11H59,FEMINICIDIO,22,PARDA,NAO INFORMADO,VIA PUBLICA,SEM LEI ESPECIFICA
151 CISP,NOVA FRIBURGO,DEAM - NOVA FRIBURGO,11/04/2018,MANHA - 06H AS 11H59,FEMINICIDIO - TENTATIVA,59,BRANCA,COMPANHEIRO,VIA PUBLICA,LEI 11.340/2006 (LEI MARIA DA PENHA)
151 CISP,NOVA FRIBURGO,DEAM - NOVA FRIBURGO,11/04/2018,MANHA - 06H AS 11H59,FEMINICIDIO - TENTATIVA,59,BRANCA,COMPANHEIRO,VIA PUBLICA,LEI 11.340/2006 (LEI MARIA DA PENHA)
89 CISP,RESENDE,NUAM - RESENDE,14/04/2018,NOITE - 18H AS 23H59,FEMINICIDIO - TENTATIVA,46,PRETA,COMPANHEIRO,RESIDENCIA,LEI 11.340/2006 (LEI MARIA DA PENHA)
105 CISP,PETROPOLIS,NUAM - PETROPOLIS,15/04/2018,MADRUGADA - 00H AS 05H59,FEMINICIDIO - TENTATIVA,21,BRANCA,EX-COMPANHEIRO,VIA PUBLICA,LEI 11.340/2006 (LEI MARIA DA PENHA)
146 CISP,CAMPOS DOS GOYTACAZES,NUAM - GUARUS,16/04/2018,NOITE - 18H AS 23H59,FEMINICIDIO,24,PRETA,NAO INFORMADO,VIA PUBLICA,SEM LEI ESPECIFICA
128 CISP,RIO DAS OSTRAS,NUAM - RIO DAS OSTRAS,18/04/2018,TARDE - 12H AS 17H59,FEMINICIDIO,NAO INFORMADO,BRANCA,NENHUMA,VIA PUBLICA,SEM LEI ESPECIFICA
105 CISP,PETROPOLIS,NUAM - PETROPOLIS,2/05/2018,TARDE - 12H AS 17H59,FEMINICIDIO - TENTATIVA,21,PARDA,EX-COMPANHEIRO,VIA PUBLICA,LEI 11.340/2006 (LEI MARIA DA PENHA)
110 CISP,TERESOPOLIS,NUAM - TERESOPOLIS,27/04/2018,TARDE - 12H AS 17H59,FEMINICIDIO - TENTATIVA,43,BRANCA,COMPANHEIRO,VIA PUBLICA,LEI 11.340/2006 (LEI MARIA DA PENHA)
105 CISP,PETROPOLIS,NUAM - PETROPOLIS,5/05/2018,NOITE - 18H AS 23H59,FEMINICIDIO - TENTATIVA,27,BRANCA,NAO INFORMADO,NAO INFORMADO,LEI 11.340/2006 (LEI MARIA DA PENHA)
71 CISP,ITABORAI,OUTRAS DELEGACIAS,6/05/2018,NOITE - 18H AS 23H59,FEMINICIDIO - TENTATIVA,14,BRANCA,COMPANHEIRO,RESIDENCIA,LEI 11.340/2006 (LEI MARIA DA PENHA)
71 CISP,ITABORAI,OUTRAS DELEGACIAS,6/05/2018,NOITE - 18H AS 23H59,FEMINICIDIO - TENTATIVA,37,BRANCA,COMPANHEIRO,RESIDENCIA,LEI 11.340/2006 (LEI MARIA DA PENHA)
106 CISP,PETROPOLIS,OUTRAS DELEGACIAS,8/04/2018,TARDE - 12H AS 17H59,FEMINICIDIO - TENTATIVA,26,PARDA,COMPANHEIRO,RESIDENCIA,LEI 11.340/2006 (LEI MARIA DA PENHA)
166 CISP,ANGRA DOS REIS,DEAM - ANGRA DOS REIS,12/05/2018,TARDE - 12H AS 17H59,FEMINICIDIO - TENTATIVA,21,BRANCA,EX-COMPANHEIRO,VIA PUBLICA,LEI 11.340/2006 (LEI MARIA DA PENHA)
159 CISP,CACHOEIRAS DE MACACU,OUTRAS DELEGACIAS,13/05/2018,NOITE - 18H AS 23H59,FEMINICIDIO,40,PARDA,COMPANHEIRO,RESIDENCIA,LEI 11.340/2006 (LEI MARIA DA PENHA)
166 CISP,ANGRA DOS REIS,OUTRAS DELEGACIAS,14/05/2018,MADRUGADA - 00H AS 05H59,FEMINICIDIO - TENTATIVA,NAO INFORMADO,NAO INFORMADO,NAO INFORMADO,VIA PUBLICA,SEM LEI ESPECIFICA
146 CISP,CAMPOS DOS GOYTACAZES,NUAM - GUARUS,20/05/2018,MANHA - 06H AS 11H59,FEMINICIDIO,16,PRETA,NAO INFORMADO,OUTROS LOCAIS,SEM LEI ESPECIFICA
146 CISP,CAMPOS DOS GOYTACAZES,NUAM - GUARUS,19/05/2018,TARDE - 12H AS 17H59,FEMINICIDIO - TENTATIVA,36,PRETA,NAO INFORMADO,VIA PUBLICA,SEM LEI ESPECIFICA
110 CISP,TERESOPOLIS,NUAM - TERESOPOLIS,6/05/2018,TARDE - 12H AS 17H59,FEMINICIDIO - TENTATIVA,23,PARDA,EX-COMPANHEIRO,RESIDENCIA,LEI 11.340/2006 (LEI MARIA DA PENHA)
71 CISP,ITABORAI,OUTRAS DELEGACIAS,20/05/2018,NOITE - 18H AS 23H59,FEMINICIDIO - TENTATIVA,33,PARDA,NENHUMA,VIA PUBLICA,SEM LEI ESPECIFICA
166 CISP,ANGRA DOS REIS,DEAM - ANGRA DOS REIS,27/05/2018,MADRUGADA - 00H AS 05H59,FEMINICIDIO - TENTATIVA,24,PARDA,COMPANHEIRO,RESIDENCIA,LEI 11.340/2006 (LEI MARIA DA PENHA)
100 CISP,PORTO REAL,OUTRAS DELEGACIAS,31/05/2018,MADRUGADA - 00H AS 05H59,FEMINICIDIO,29,PARDA,COMPANHEIRO,RESIDENCIA,LEI 11.340/2006 (LEI MARIA DA PENHA)
144 CISP,BOM JESUS DO ITABAPOANA,OUTRAS DELEGACIAS,3/06/2018,NOITE - 18H AS 23H59,FEMINICIDIO,60,PARDA,NAO INFORMADO,RESIDENCIA,SEM LEI ESPECIFICA
134 CISP,CAMPOS DOS GOYTACAZES,DEAM - CAMPOS,7/06/2018,NOITE - 18H AS 23H59,FEMINICIDIO - TENTATIVA,28,BRANCA,OUTRAS,VIA PUBLICA,SEM LEI ESPECIFICA
152 CISP,DUAS BARRAS,OUTRAS DELEGACIAS,17/06/2018,NOITE - 18H AS 23H59,FEMINICIDIO - TENTATIVA,27,PARDA,COMPANHEIRO,OUTROS LOCAIS,LEI 11.340/2006 (LEI MARIA DA PENHA)
166 CISP,ANGRA DOS REIS,OUTRAS DELEGACIAS,18/06/2018,MANHA - 06H AS 11H59,FEMINICIDIO - TENTATIVA,44,OUTRAS,NENHUMA,VIA PUBLICA,SEM LEI ESPECIFICA
166 CISP,ANGRA DOS REIS,OUTRAS DELEGACIAS,18/06/2018,MANHA - 06H AS 11H59,FEMINICIDIO - TENTATIVA,33,BRANCA,NENHUMA,VIA PUBLICA,SEM LEI ESPECIFICA
90 CISP,BARRA MANSA,NUAM - BARRA MANSA,21/06/2018,MADRUGADA - 00H AS 05H59,FEMINICIDIO - TENTATIVA,59,NAO INFORMADO,COMPANHEIRO,RESIDENCIA,LEI 11.340/2006 (LEI MARIA DA PENHA)
125 CISP,SAO PEDRO DA ALDEIA,OUTRAS DELEGACIAS,22/06/2018,MANHA - 06H AS 11H59,FEMINICIDIO,NAO INFORMADO,BRANCA,COMPANHEIRO,RESIDENCIA,LEI 11.340/2006 (LEI MARIA DA PENHA)
126 CISP,CABO FRIO,DEAM - CABO FRIO,24/06/2018,NOITE - 18H AS 23H59,FEMINICIDIO - TENTATIVA,37,PRETA,COMPANHEIRO,RESIDENCIA,LEI 11.340/2006 (LEI MARIA DA PENHA)
88 CISP,BARRA DO PIRAI,OUTRAS DELEGACIAS,2/07/2018,MADRUGADA - 00H AS 05H59,FEMINICIDIO,19,BRANCA,OUTRAS,VIA PUBLICA,SEM LEI ESPECIFICA
89 CISP,RESENDE,NUAM - RESENDE,4/07/2018,NOITE - 18H AS 23H59,FEMINICIDIO,46,BRANCA,NENHUMA,RESIDENCIA,SEM LEI ESPECIFICA
118 CISP,ARARUAMA,NUAM - ARARUAMA,5/07/2018,MANHA - 06H AS 11H59,FEMINICIDIO - TENTATIVA,28,PARDA,EX-COMPANHEIRO,RESIDENCIA,LEI 11.340/2006 (LEI MARIA DA PENHA)
90 CISP,BARRA MANSA,OUTRAS DELEGACIAS,7/07/2018,NOITE - 18H AS 23H59,FEMINICIDIO - TENTATIVA,37,BRANCA,EX-COMPANHEIRO,NAO INFORMADO,LEI 11.340/2006 (LEI MARIA DA PENHA)
90 CISP,BARRA MANSA,NUAM - BARRA MANSA,11/07/2018,MANHA - 06H AS 11H59,FEMINICIDIO,46,BRANCA,COMPANHEIRO,RESIDENCIA,LEI 11.340/2006 (LEI MARIA DA PENHA)
105 CISP,PETROPOLIS,NUAM - PETROPOLIS,15/07/2018,NOITE - 18H AS 23H59,FEMINICIDIO - TENTATIVA,35,PRETA,COMPANHEIRO,RESIDENCIA,LEI 11.340/2006 (LEI MARIA DA PENHA)
146 CISP,CAMPOS DOS GOYTACAZES,NUAM - GUARUS,18/07/2018,MADRUGADA - 00H AS 05H59,FEMINICIDIO - TENTATIVA,50,PARDA,COMPANHEIRO,RESIDENCIA,LEI 11.340/2006 (LEI MARIA DA PENHA)
100 CISP,PORTO REAL,OUTRAS DELEGACIAS,20/07/2018,MANHA - 06H AS 11H59,FEMINICIDIO,20,PRETA,EX-COMPANHEIRO,VIA PUBLICA,LEI 11.340/2006 (LEI MARIA DA PENHA)
100 CISP,QUATIS,OUTRAS DELEGACIAS,21/07/2018,TARDE - 12H AS 17H59,FEMINICIDIO - TENTATIVA,60,PRETA,PAI/MAE,VIA PUBLICA,LEI 11.340/2006 (LEI MARIA DA PENHA)
90 CISP,BARRA MANSA,NUAM - BARRA MANSA,28/07/2018,MADRUGADA - 00H AS 05H59,FEMINICIDIO - TENTATIVA,27,BRANCA,NAO INFORMADO,VIA PUBLICA,SEM LEI ESPECIFICA
123 CISP,MACAE,OUTRAS DELEGACIAS,28/07/2018,MADRUGADA - 00H AS 05H59,FEMINICIDIO - TENTATIVA,33,PRETA,EX-COMPANHEIRO,RESIDENCIA,LEI 11.340/2006 (LEI MARIA DA PENHA)
155 CISP,SAO SEBASTIAO DO ALTO,OUTRAS DELEGACIAS,2/08/2018,MADRUGADA - 00H AS 05H59,FEMINICIDIO,39,BRANCA,EX-COMPANHEIRO,RESIDENCIA,LEI 11.340/2006 (LEI MARIA DA PENHA)
165 CISP,MANGARATIBA,OUTRAS DELEGACIAS,5/08/2018,MADRUGADA - 00H AS 05H59,FEMINICIDIO - TENTATIVA,43,PARDA,COMPANHEIRO,RESIDENCIA,LEI 11.340/2006 (LEI MARIA DA PENHA)
123 CISP,MACAE,OUTRAS DELEGACIAS,5/08/2018,MADRUGADA - 00H AS 05H59,FEMINICIDIO - TENTATIVA,38,PARDA,EX-COMPANHEIRO,RESIDENCIA,LEI 11.340/2006 (LEI MARIA DA PENHA)
137 CISP,MIRACEMA,OUTRAS DELEGACIAS,20/08/2018,TARDE - 12H AS 17H59,FEMINICIDIO,25,PRETA,NAO INFORMADO,VIA PUBLICA,SEM LEI ESPECIFICA
126 CISP,CABO FRIO,DEAM - CABO FRIO,23/08/2018,TARDE - 12H AS 17H59,FEMINICIDIO - TENTATIVA,16,BRANCA,EX-COMPANHEIRO,VIA PUBLICA,LEI 11.340/2006 (LEI MARIA DA PENHA)
118 CISP,ARARUAMA,NUAM - ARARUAMA,30/08/2018,MADRUGADA - 00H AS 05H59,FEMINICIDIO - TENTATIVA,48,BRANCA,COMPANHEIRO,RESIDENCIA,LEI 11.340/2006 (LEI MARIA DA PENHA)
105 CISP,PETROPOLIS,NUAM - PETROPOLIS,4/09/2018,TARDE - 12H AS 17H59,FEMINICIDIO - TENTATIVA,35,PRETA,COMPANHEIRO,RESIDENCIA,LEI 11.340/2006 (LEI MARIA DA PENHA)
108 CISP,TRES RIOS,NUAM - TRES RIOS,8/09/2018,MANHA - 06H AS 11H59,FEMINICIDIO - TENTATIVA,50,BRANCA,COMPANHEIRO,RESIDENCIA,LEI 11.340/2006 (LEI MARIA DA PENHA)
119 CISP,RIO BONITO,OUTRAS DELEGACIAS,8/09/2018,TARDE - 12H AS 17H59,FEMINICIDIO - TENTATIVA,38,PRETA,COMPANHEIRO,RESIDENCIA,LEI 11.340/2006 (LEI MARIA DA PENHA)
122 CISP,CONCEICAO DE MACABU,OUTRAS DELEGACIAS,8/09/2018,NOITE - 18H AS 23H59,FEMINICIDIO - TENTATIVA,27,PRETA,NAO INFORMADO,VIA PUBLICA,SEM LEI ESPECIFICA
119 CISP,RIO BONITO,OUTRAS DELEGACIAS,15/09/2018,MADRUGADA - 00H AS 05H59,FEMINICIDIO - TENTATIVA,57,PARDA,NENHUMA,RESIDENCIA,SEM LEI ESPECIFICA
123 CISP,MACAE,OUTRAS DELEGACIAS,19/09/2018,NOITE - 18H AS 23H59,FEMINICIDIO - TENTATIVA,16,PARDA,COMPANHEIRO,RESIDENCIA,LEI 11.340/2006 (LEI MARIA DA PENHA)
155 CISP,SAO SEBASTIAO DO ALTO,OUTRAS DELEGACIAS,19/09/2018,MANHA - 06H AS 11H59,FEMINICIDIO - TENTATIVA,32,PARDA,EX-COMPANHEIRO,VIA PUBLICA,LEI 11.340/2006 (LEI MARIA DA PENHA)
125 CISP,SAO PEDRO DA ALDEIA,DEAM - CABO FRIO,19/09/2018,MANHA - 06H AS 11H59,FEMINICIDIO - TENTATIVA,47,PARDA,EX-COMPANHEIRO,RESIDENCIA,LEI 11.340/2006 (LEI MARIA DA PENHA)
146 CISP,CAMPOS DOS GOYTACAZES,NUAM - GUARUS,30/09/2018,NOITE - 18H AS 23H59,FEMINICIDIO - TENTATIVA,13,PRETA,NENHUMA,VIA PUBLICA,SEM LEI ESPECIFICA
141 CISP,SAO FIDELIS,OUTRAS DELEGACIAS,4/10/2018,NOITE - 18H AS 23H59,FEMINICIDIO - TENTATIVA,31,BRANCA,NENHUMA,VIA PUBLICA,SEM LEI ESPECIFICA
71 CISP,ITABORAI,OUTRAS DELEGACIAS,9/10/2018,MADRUGADA - 00H AS 05H59,FEMINICIDIO - TENTATIVA,43,NAO INFORMADO,NAO INFORMADO,RESIDENCIA,SEM LEI ESPECIFICA
71 CISP,ITABORAI,OUTRAS DELEGACIAS,12/10/2018,NOITE - 18H AS 23H59,FEMINICIDIO - TENTATIVA,57,BRANCA,PARENTE,RESIDENCIA,LEI 11.340/2006 (LEI MARIA DA PENHA)
151 CISP,NOVA FRIBURGO,OUTRAS DELEGACIAS,13/10/2018,NOITE - 18H AS 23H59,FEMINICIDIO - TENTATIVA,47,BRANCA,COMPANHEIRO,OUTROS LOCAIS,LEI 11.340/2006 (LEI MARIA DA PENHA)
151 CISP,NOVA FRIBURGO,OUTRAS DELEGACIAS,13/10/2018,NOITE - 18H AS 23H59,FEMINICIDIO - TENTATIVA,47,BRANCA,COMPANHEIRO,OUTROS LOCAIS,LEI 11.340/2006 (LEI MARIA DA PENHA)
144 CISP,BOM JESUS DO ITABAPOANA,OUTRAS DELEGACIAS,19/10/2018,TARDE - 12H AS 17H59,FEMINICIDIO - TENTATIVA,36,PARDA,EX-COMPANHEIRO,VIA PUBLICA,LEI 11.340/2006 (LEI MARIA DA PENHA)
88 CISP,BARRA DO PIRAI,OUTRAS DELEGACIAS,21/10/2018,NOITE - 18H AS 23H59,FEMINICIDIO - TENTATIVA,45,BRANCA,EX-COMPANHEIRO,VIA PUBLICA,LEI 11.340/2006 (LEI MARIA DA PENHA)
88 CISP,BARRA DO PIRAI,OUTRAS DELEGACIAS,21/10/2018,NOITE - 18H AS 23H59,FEMINICIDIO - TENTATIVA,45,BRANCA,EX-COMPANHEIRO,RESIDENCIA,LEI 11.340/2006 (LEI MARIA DA PENHA)
151 CISP,NOVA FRIBURGO,DEAM - NOVA FRIBURGO,23/10/2018,NOITE - 18H AS 23H59,FEMINICIDIO - TENTATIVA,47,BRANCA,EX-COMPANHEIRO,RESIDENCIA,LEI 11.340/2006 (LEI MARIA DA PENHA)
137 CISP,MIRACEMA,OUTRAS DELEGACIAS,28/10/2018,TARDE - 12H AS 17H59,FEMINICIDIO - TENTATIVA,51,BRANCA,OUTRAS,VIA PUBLICA,SEM LEI ESPECIFICA
93 CISP,VOLTA REDONDA,DEAM - VOLTA REDONDA,1/11/2018,MADRUGADA - 00H AS 05H59,FEMINICIDIO - TENTATIVA,38,PARDA,COMPANHEIRO,RESIDENCIA,LEI 11.340/2006 (LEI MARIA DA PENHA)
166 CISP,ANGRA DOS REIS,OUTRAS DELEGACIAS,4/11/2018,MADRUGADA - 00H AS 05H59,FEMINICIDIO - TENTATIVA,25,BRANCA,EX-COMPANHEIRO,VIA PUBLICA,LEI 11.340/2006 (LEI MARIA DA PENHA)
128 CISP,RIO DAS OSTRAS,NUAM - RIO DAS OSTRAS,5/11/2018,NOITE - 18H AS 23H59,FEMINICIDIO - TENTATIVA,14,PARDA,NENHUMA,VIA PUBLICA,SEM LEI ESPECIFICA
151 CISP,NOVA FRIBURGO,DEAM - NOVA FRIBURGO,5/11/2018,MANHA - 06H AS 11H59,FEMINICIDIO - TENTATIVA,28,PRETA,COMPANHEIRO,RESIDENCIA,LEI 11.340/2006 (LEI MARIA DA PENHA)
107 CISP,PARAIBA DO SUL,OUTRAS DELEGACIAS,10/11/2018,NOITE - 18H AS 23H59,FEMINICIDIO - TENTATIVA,27,BRANCA,COMPANHEIRO,RESIDENCIA,LEI 11.340/2006 (LEI MARIA DA PENHA)
90 CISP,BARRA MANSA,NUAM - BARRA MANSA,14/11/2018,MADRUGADA - 00H AS 05H59,FEMINICIDIO - TENTATIVA,32,PRETA,EX-COMPANHEIRO,OUTROS LOCAIS,LEI 11.340/2006 (LEI MARIA DA PENHA)
90 CISP,BARRA MANSA,NUAM - BARRA MANSA,14/11/2018,MADRUGADA - 00H AS 05H59,FEMINICIDIO - TENTATIVA,32,PRETA,EX-COMPANHEIRO,OUTROS LOCAIS,LEI 11.340/2006 (LEI MARIA DA PENHA)
110 CISP,TERESOPOLIS,NUAM - TERESOPOLIS,14/11/2018,MANHA - 06H AS 11H59,FEMINICIDIO,42,BRANCA,EX-COMPANHEIRO,RESIDENCIA,LEI 11.340/2006 (LEI MARIA DA PENHA)
71 CISP,ITABORAI,OUTRAS DELEGACIAS,17/11/2018,NOITE - 18H AS 23H59,FEMINICIDIO - TENTATIVA,28,BRANCA,PARENTE,RESIDENCIA,LEI 11.340/2006 (LEI MARIA DA PENHA)
90 CISP,BARRA MANSA,NUAM - BARRA MANSA,24/11/2018,TARDE - 12H AS 17H59,FEMINICIDIO - TENTATIVA,27,PARDA,COMPANHEIRO,VIA PUBLICA,LEI 11.340/2006 (LEI MARIA DA PENHA)
105 CISP,PETROPOLIS,OUTRAS DELEGACIAS,2/10/2018,MADRUGADA - 00H AS 05H59,FEMINICIDIO - TENTATIVA,20,BRANCA,PARENTE,RESIDENCIA,LEI 11.340/2006 (LEI MARIA DA PENHA)
146 CISP,CAMPOS DOS GOYTACAZES,NUAM - GUARUS,26/11/2018,NOITE - 18H AS 23H59,FEMINICIDIO,23,PARDA,NENHUMA,VIA PUBLICA,SEM LEI ESPECIFICA
146 CISP,CAMPOS DOS GOYTACAZES,DEAM - CAMPOS,27/11/2018,NOITE - 18H AS 23H59,FEMINICIDIO - TENTATIVA,20,PRETA,PARENTE,RESIDENCIA,LEI 11.340/2006 (LEI MARIA DA PENHA)
106 CISP,PETROPOLIS,OUTRAS DELEGACIAS,3/12/2018,MANHA - 06H AS 11H59,FEMINICIDIO,53,BRANCA,NENHUMA,OUTROS LOCAIS,SEM LEI ESPECIFICA
123 CISP,MACAE,OUTRAS DELEGACIAS,9/12/2018,MADRUGADA - 00H AS 05H59,FEMINICIDIO - TENTATIVA,36,PARDA,EX-COMPANHEIRO,RESIDENCIA,LEI 11.340/2006 (LEI MARIA DA PENHA)
141 CISP,SAO FIDELIS,OUTRAS DELEGACIAS,7/12/2018,NOITE - 18H AS 23H59,FEMINICIDIO - TENTATIVA,22,BRANCA,COMPANHEIRO,VIA PUBLICA,LEI 11.340/2006 (LEI MARIA DA PENHA)
134 CISP,CAMPOS DOS GOYTACAZES,DEAM - CAMPOS,9/12/2018,TARDE - 12H AS 17H59,FEMINICIDIO - TENTATIVA,46,BRANCA,COMPANHEIRO,RESIDENCIA,LEI 11.340/2006 (LEI MARIA DA PENHA)
166 CISP,ANGRA DOS REIS,DEAM - ANGRA DOS REIS,16/12/2018,TARDE - 12H AS 17H59,FEMINICIDIO - TENTATIVA,17,BRANCA,COMPANHEIRO,RESIDENCIA,LEI 11.340/2006 (LEI MARIA DA PENHA)
126 CISP,CABO FRIO,DEAM - CABO FRIO,22/10/2018,MANHA - 06H AS 11H59,FEMINICIDIO - TENTATIVA,18,PARDA,COMPANHEIRO,RESIDENCIA,LEI 11.340/2006 (LEI MARIA DA PENHA)
93 CISP,VOLTA REDONDA,DEAM - VOLTA REDONDA,18/12/2018,TARDE - 12H AS 17H59,FEMINICIDIO - TENTATIVA,22,PARDA,COMPANHEIRO,OUTROS LOCAIS,LEI 11.340/2006 (LEI MARIA DA PENHA)
108 CISP,TRES RIOS,NUAM - TRES RIOS,22/12/2018,MANHA - 06H AS 11H59,FEMINICIDIO - TENTATIVA,15,BRANCA,COMPANHEIRO,RESIDENCIA,LEI 11.340/2006 (LEI MARIA DA PENHA)
136 CISP,SANTO ANTONIO DE PADUA,OUTRAS DELEGACIAS,25/12/2018,NOITE - 18H AS 23H59,FEMINICIDIO,45,PARDA,NENHUMA,VIA PUBLICA,SEM LEI ESPECIFICA
128 CISP,RIO DAS OSTRAS,NUAM - RIO DAS OSTRAS,29/12/2018,MANHA - 06H AS 11H59,FEMINICIDIO - TENTATIVA,28,PRETA,COMPANHEIRO,RESIDENCIA,LEI 11.340/2006 (LEI MARIA DA PENHA)

